,dev_cagr,dev_dd,dev_score,dev_losing,real_cagr,real_dd,real_gross,trades
"Transformer, calibrated",0.22879735161476233,-0.2051084899464224,1.115494300964957,1,0.10278937770161911,-0.16168823308332936,0.18525532592223337,89
8-vote trend rules,0.33126817956868826,-0.3424679709930959,0.9672968208036207,1,0.2590338459264747,-0.15383256216049057,0.4200013681711987,147
"Transformer, calibrated + 8 votes",0.2663266603261547,-0.2816869235988052,0.9454704425877878,1,0.18094685007159028,-0.15801563007835284,0.3022032270290347,61
"Transformer, fine-tuned + 8 votes",0.2790602444476358,-0.32360474830025254,0.8623490412715245,1,0.1663159985649214,-0.16397739223723773,0.24310956213914792,39
"LSTM, fine-tuned + 8 votes",0.2988034564097495,-0.3789574772722202,0.7884880872666015,1,0.17819007513742902,-0.19720609541016387,0.2572235162570031,40
LSTM + 8 votes,0.2896923140760972,-0.3812420944122631,0.7598644491833925,1,0.20762205986965254,-0.21630367491431435,0.309970388568233,28
Buy & hold,0.5653136908175282,-0.7587268316356934,0.7450819810850798,1,0.19845304116195783,-0.434521102663067,0.23896835490567692,1
"GRU, calibrated + 8 votes",0.2834010942821874,-0.3838941388897793,0.738227197481531,1,0.19393965996718676,-0.16160935855873892,0.30139505126588806,54
"LSTM, fine-tuned, calibrated + 8 votes",0.25824718859986295,-0.35753780945376035,0.7222933680619911,1,0.17780844372282756,-0.14482900587188452,0.2803358520636925,58
"GRU, fine-tuned, calibrated + 8 votes",0.2826594375516214,-0.3932529519345602,0.7187725766866149,1,0.20786902615950642,-0.16122188998287623,0.32166052851742677,49
"MLP, calibrated + 8 votes",0.26415591631270297,-0.3793550365870112,0.6963290080165169,1,0.19508509209742741,-0.14184937371781003,0.309994932606769,67
"LSTM, calibrated + 8 votes",0.25000782442236313,-0.36250279919386075,0.6896714314436587,1,0.2230021398444164,-0.1511764383918619,0.3414920898760241,51
"GRU, fine-tuned",0.21931391261826794,-0.32028490741913407,0.6847463228458263,1,0.0905366044465814,-0.2446469171275657,0.15043848315805586,16
GRU + 8 votes,0.23673064275177413,-0.3468180546622951,0.6825787745747098,1,0.195934606508396,-0.18034375308739758,0.2901454993152366,29
"MLP, fine-tuned, calibrated + 8 votes",0.2509007301479458,-0.3920551632764404,0.6399628257695823,1,0.21445486045683504,-0.12808870154402852,0.33406317172797384,75
LSTM,0.22666262414451,-0.3577560185661157,0.6335676058028951,1,0.18730721281427165,-0.17047856229802016,0.26890890653844424,7
"Transformer, fine-tuned, calibrated + 8 votes",0.2513215378144269,-0.40085265515429924,0.6269673771218661,1,0.20510458215397853,-0.14941422638304935,0.31941107510906463,68
"LSTM, fine-tuned",0.20982609166997435,-0.3499640174992399,0.5995647585981609,1,0.13401964284493761,-0.2180905879169147,0.19019941485469483,15
"GRU, fine-tuned, calibrated",0.21164883086623987,-0.360285997455814,0.5874467294338764,1,0.1884000403090733,-0.1530356034799999,0.2659655451166367,57
"MLP, calibrated",0.21960803227085357,-0.38738675708771475,0.5668960754410312,1,0.16342031935500145,-0.16407528942495675,0.26144977671466685,71
"GRU, fine-tuned + 8 votes",0.22237065057333405,-0.3925555760231384,0.5664692190239755,1,0.19455771186071713,-0.17988084292991657,0.279044498258717,29
"Transformer, fine-tuned",0.17193319074314406,-0.30842746306317814,0.5574509774051001,1,0.07562960991736278,-0.21197157387272336,0.13730909999996577,24
"TCN, fine-tuned, calibrated + 8 votes",0.25595564381222546,-0.47151230832593727,0.5428397929228472,1,0.21751716900607,-0.18479539757056618,0.33757930134122005,89
"MLP, fine-tuned + 8 votes",0.24635044882880686,-0.45410318755599555,0.5424988319387856,1,0.21886281766016769,-0.18709693266626914,0.3197912868012338,38
MLP + 8 votes,0.24781110962541497,-0.4659254837858129,0.531868546042728,1,0.2117936837313843,-0.20515606097696815,0.355881965684806,42
TCN + 8 votes,0.24906331542386106,-0.4698152457583922,0.5301303388352465,1,0.2080132677883848,-0.17620125983045565,0.3249835207069831,41
"LSTM, calibrated",0.1517590971408651,-0.29218494369684056,0.5193939674671406,1,0.17668737767223686,-0.1735891963291888,0.28725369964053926,45
"GRU, calibrated",0.20006005576722252,-0.392252995530076,0.5100281146275731,1,0.19382051935958722,-0.14885156048002324,0.3014658779143482,44
"Transformer, fine-tuned, calibrated",0.19385527309106165,-0.3803795965813018,0.5096363601869147,1,0.14901392069707176,-0.17898842485975508,0.2702684919807079,103
"TCN, fine-tuned + 8 votes",0.21577169087906212,-0.4278328775231437,0.5043363944543741,1,0.20646888699668753,-0.14120448925220686,0.3370322987071819,44
Transformer + 8 votes,0.22129393751270143,-0.44248512279875807,0.5001161081145451,1,0.17257864948634016,-0.2117035507639613,0.2811421776840226,31
GRU,0.2009669718291689,-0.4092457728445672,0.4910667016357839,1,0.10169079320201546,-0.24637806680468954,0.15516191853315253,17
"MLP, fine-tuned",0.19881249481983243,-0.45705330843092695,0.4349875411740474,1,0.17815597057256172,-0.20827706643070032,0.2712717705160068,18
Transformer,0.17400624223119565,-0.40367015684914875,0.4310604568576558,1,0.047840927774663644,-0.2527823927386391,0.09110134693847671,36
"TCN, calibrated + 8 votes",0.2208946912136207,-0.5215130070020295,0.4235650659673021,1,0.17972200777583724,-0.23037020784218099,0.28850530646502315,90
"MLP, fine-tuned, calibrated",0.19382828835202703,-0.4585870412996177,0.42266412021309036,1,0.1340329421129587,-0.16796382428472412,0.23057076274902788,68
TCN,0.1701180962216704,-0.40747629969855004,0.41749200222816235,1,0.1721864362332235,-0.15455490086447699,0.25931750478734283,61
"LSTM, fine-tuned, calibrated",0.1408870120012582,-0.35063694378431953,0.40180310289243015,2,0.1470884319980894,-0.15961081245989184,0.2346138980673047,54
MLP,0.19961888855228604,-0.5054816871951744,0.39490825010879194,1,0.16707304662339384,-0.2715823276068974,0.25787358064082566,14
"TCN, fine-tuned",0.15014382241889113,-0.4258739643393935,0.3525545935915359,1,0.16558283616307978,-0.12397889218517044,0.27418934068656275,72
"TCN, calibrated",0.12554586273897583,-0.5351515015493593,0.23459873022031724,1,0.1453785125874214,-0.2698401892896575,0.19399637531474956,167
"TCN, fine-tuned, calibrated",0.12459900180284267,-0.5573337756293602,0.22356262486001546,1,0.1540429063719424,-0.20340414721371036,0.28309260641667566,237
