date,dl_btc,dl_gold
2019-01-02,,0.2948
2019-01-03,,0.1873
2019-01-04,,0.7371
2019-01-07,,0.2815
2019-01-08,,0.4555
2019-01-09,,0.2244
2019-01-10,,0.5564
2019-01-11,,0.3134
2019-01-14,,0.3453
2019-01-15,,0.4303
2019-01-16,,0.3094
2019-01-17,,0.417
2019-01-18,,0.8659
2019-01-22,,0.3187
2019-01-23,,0.5246
2019-01-24,,0.4648
2019-01-25,,0.1726
2019-01-28,,0.3094
2019-01-29,,0.2656
2019-01-30,,0.2683
2019-01-31,,0.3453
2019-02-01,,0.3679
2019-02-04,,0.4555
2019-02-05,,0.3187
2019-02-06,,0.7477
2019-02-07,,0.344
2019-02-08,,0.3094
2019-02-11,,0.5299
2019-02-12,,0.3333
2019-02-13,,0.4369
2019-02-14,0.0463,0.2284
2019-02-15,0.0475,0.2098
2019-02-19,0.0304,0.1554
2019-02-20,0.0436,0.3267
2019-02-21,0.0465,0.6056
2019-02-22,0.0412,0.3147
2019-02-25,0.0531,0.3772
2019-02-26,0.0461,0.3519
2019-02-27,0.0421,0.5936
2019-02-28,0.0393,0.6401
2019-03-01,0.038,0.8181
2019-03-04,0.0546,0.8659
2019-03-05,0.0347,0.7756
2019-03-06,0.0406,0.8035
2019-03-07,0.0389,0.8712
2019-03-08,0.039,0.3068
2019-03-11,0.0462,0.915
2019-03-12,0.0373,0.4914
2019-03-13,0.0397,0.3612
2019-03-14,0.0386,0.8699
2019-03-15,0.0362,0.4648
2019-03-18,0.0378,0.7583
2019-03-19,0.0405,0.6653
2019-03-20,0.0461,0.5737
2019-03-21,0.0588,0.9283
2019-03-22,0.0536,0.6162
2019-03-25,0.1115,0.4064
2019-03-26,0.0578,0.8606
2019-03-27,0.0506,0.927
2019-03-28,0.0618,0.8433
2019-03-29,0.0523,0.927
2019-04-01,0.0639,0.9708
2019-04-02,0.0528,0.6653
2019-04-03,0.078,0.9124
2019-04-04,0.4772,0.6972
2019-04-05,0.1186,0.83
2019-04-08,0.1285,0.6534
2019-04-09,0.161,0.4356
2019-04-10,0.1291,0.7331
2019-04-11,0.3509,0.8566
2019-04-12,0.1584,0.9124
2019-04-15,0.1608,0.8367
2019-04-16,0.1246,0.8367
2019-04-17,0.1402,0.8433
2019-04-18,0.1393,0.7955
2019-04-22,0.131,0.7729
2019-04-23,0.1106,0.9044
2019-04-24,0.1732,0.7463
2019-04-25,0.1316,0.8181
2019-04-26,0.1921,0.2815
2019-04-29,0.1491,0.8964
2019-04-30,0.1316,0.3772
2019-05-01,0.126,0.8699
2019-05-02,0.1095,0.9044
2019-05-03,0.0908,0.2789
2019-05-06,0.1287,0.7928
2019-05-07,0.1101,0.3147
2019-05-08,0.1274,0.8632
2019-05-09,0.1013,0.5976
2019-05-10,0.0955,0.7981
2019-05-13,0.0683,0.1169
2019-05-14,0.1562,0.749
2019-05-15,0.1138,0.7185
2019-05-16,0.1746,0.9256
2019-05-17,0.2399,0.9044
2019-05-20,0.1157,0.8645
2019-05-21,0.1535,0.8884
2019-05-22,0.1743,0.83
2019-05-23,0.1836,0.1647
2019-05-24,0.1401,0.6109
2019-05-28,0.1091,0.8393
2019-05-29,0.1543,0.6481
2019-05-30,0.1556,0.1275
2019-05-31,0.1689,0.0757
2019-06-03,0.1451,0.0943
2019-06-04,0.2524,0.2802
2019-06-05,0.1662,0.251
2019-06-06,0.2031,0.2537
2019-06-07,0.1504,0.2483
2019-06-10,0.1759,0.9044
2019-06-11,0.1862,0.7145
2019-06-12,0.1627,0.3147
2019-06-13,0.1744,0.2656
2019-06-14,0.1723,0.409
2019-06-17,0.117,0.3891
2019-06-18,0.1831,0.2975
2019-06-19,0.1707,0.2922
2019-06-20,0.1465,0.1567
2019-06-21,0.1433,0.2776
2019-06-24,0.1144,0.2098
2019-06-25,0.1374,0.3081
2019-06-26,0.1019,0.4356
2019-06-27,0.2612,0.3293
2019-06-28,0.1522,0.3081
2019-07-01,0.2813,0.7291
2019-07-02,0.2215,0.1886
2019-07-03,0.2211,0.3519
2019-07-05,0.2349,0.5764
2019-07-08,0.19,0.4887
2019-07-09,0.2144,0.3625
2019-07-10,0.2382,0.2324
2019-07-11,0.2555,0.5259
2019-07-12,0.2319,0.3201
2019-07-15,0.2737,0.3958
2019-07-16,0.3706,0.5232
2019-07-17,0.3377,0.2098
2019-07-18,0.2349,0.2324
2019-07-19,0.304,0.5737
2019-07-22,0.3714,0.4104
2019-07-23,0.4121,0.4781
2019-07-24,0.5823,0.3572
2019-07-25,0.4444,0.5551
2019-07-26,0.5202,0.4223
2019-07-29,0.5372,0.3519
2019-07-30,0.4909,0.3904
2019-07-31,0.3146,0.6388
2019-08-01,0.3593,0.2058
2019-08-02,0.4378,0.4834
2019-08-05,0.2122,0.2988
2019-08-06,0.4275,0.344
2019-08-07,0.4291,0.2802
2019-08-08,0.4933,0.3519
2019-08-09,0.3978,0.4356
2019-08-12,0.7276,0.3254
2019-08-13,0.7468,0.4635
2019-08-14,0.8436,0.3546
2019-08-15,0.6916,0.3519
2019-08-16,0.4661,0.4675
2019-08-19,0.5025,0.5564
2019-08-20,0.5489,0.3679
2019-08-21,0.7936,0.4635
2019-08-22,0.4952,0.4781
2019-08-23,0.4743,0.3028
2019-08-26,0.7022,0.4515
2019-08-27,0.7027,0.3572
2019-08-28,0.8363,0.4555
2019-08-29,0.7884,0.5139
2019-08-30,0.7394,0.5113
2019-09-03,0.2012,0.3679
2019-09-04,0.5349,0.429
2019-09-05,0.57,0.7477
2019-09-06,0.6675,0.6972
2019-09-09,0.6514,0.6335
2019-09-10,0.7619,0.7198
2019-09-11,0.6698,0.5697
2019-09-12,0.5378,0.6162
2019-09-13,0.6025,0.8101
2019-09-16,0.7347,0.579
2019-09-17,0.6234,0.6627
2019-09-18,0.7602,0.7981
2019-09-19,0.7994,0.8127
2019-09-20,0.719,0.5936
2019-09-23,0.8843,0.7145
2019-09-24,0.8092,0.8035
2019-09-25,0.8795,0.9548
2019-09-26,0.884,0.9907
2019-09-27,0.8607,0.9973
2019-09-30,0.4682,0.9814
2019-10-01,0.6708,0.9907
2019-10-02,0.8018,0.9044
2019-10-03,0.8432,0.9801
2019-10-04,0.8009,0.9708
2019-10-07,0.7691,0.996
2019-10-08,0.7869,0.7968
2019-10-09,0.2208,0.8911
2019-10-10,0.7712,1.0
2019-10-11,0.8153,1.0
2019-10-14,0.7158,0.9177
2019-10-15,0.7533,1.0
2019-10-16,0.7172,0.9934
2019-10-17,0.6055,0.9934
2019-10-18,0.6722,0.9987
2019-10-21,0.3176,1.0
2019-10-22,0.5806,0.996
2019-10-23,0.3792,0.996
2019-10-24,0.4354,0.8712
2019-10-25,0.0821,0.9748
2019-10-28,0.0991,0.9867
2019-10-29,0.2323,0.9469
2019-10-30,0.2137,0.8911
2019-10-31,0.2119,0.7171
2019-11-01,0.2498,0.9044
2019-11-04,0.2135,0.8911
2019-11-05,0.2056,0.7981
2019-11-06,0.2541,0.8499
2019-11-07,0.2634,0.8247
2019-11-08,0.3369,0.9017
2019-11-11,0.2509,0.9323
2019-11-12,0.2312,0.9668
2019-11-13,0.2299,0.9748
2019-11-14,0.264,0.9934
2019-11-15,0.2813,1.0
2019-11-18,0.2918,0.996
2019-11-19,0.2635,0.9987
2019-11-20,0.2596,0.9987
2019-11-21,0.293,0.9987
2019-11-22,0.2772,1.0
2019-11-25,0.2527,0.9987
2019-11-26,0.2585,0.9934
2019-11-27,0.1552,0.996
2019-11-29,0.2281,0.988
2019-12-02,0.2924,0.996
2019-12-03,0.3946,0.9748
2019-12-04,0.481,0.9934
2019-12-05,0.3529,0.9814
2019-12-06,0.4888,0.9615
2019-12-09,0.5,0.9814
2019-12-10,0.4156,0.9402
2019-12-11,0.4634,0.8181
2019-12-12,0.4526,0.9602
2019-12-13,0.4002,0.9216
2019-12-16,0.3232,0.9734
2019-12-17,0.2767,0.9482
2019-12-18,0.1574,0.9044
2019-12-19,0.1839,0.8712
2019-12-20,0.2332,0.7623
2019-12-23,0.1446,0.6999
2019-12-24,0.2479,0.3772
2019-12-26,0.2069,0.4064
2019-12-27,0.2771,0.5963
2019-12-30,0.2707,0.4555
2019-12-31,0.3297,0.4728
2020-01-02,0.3773,0.5718
2020-01-03,0.2773,0.4934
2020-01-06,0.3045,0.5293
2020-01-07,0.2636,0.5731
2020-01-08,0.3682,0.6729
2020-01-09,0.3636,0.6782
2020-01-10,0.3364,0.5771
2020-01-13,0.3682,0.7074
2020-01-14,0.2955,0.6888
2020-01-15,0.3864,0.609
2020-01-16,0.4,0.6968
2020-01-17,0.3636,0.6875
2020-01-21,0.4636,0.7035
2020-01-22,0.3773,0.7314
2020-01-23,0.4773,0.7101
2020-01-24,0.3773,0.6782
2020-01-27,0.3364,0.6622
2020-01-28,0.4318,0.8338
2020-01-29,0.3909,0.6835
2020-01-30,0.4318,0.7739
2020-01-31,0.4773,0.6795
2020-02-03,0.4545,0.8404
2020-02-04,0.4682,0.8657
2020-02-05,0.3773,0.7939
2020-02-06,0.4455,0.6968
2020-02-07,0.4545,0.7673
2020-02-10,0.4455,0.7473
2020-02-11,0.4,0.8125
2020-02-12,0.4545,0.7979
2020-02-13,0.4773,0.6875
2020-02-14,0.4682,0.7101
2020-02-18,0.5182,0.5665
2020-02-19,0.4636,0.6782
2020-02-20,0.5409,0.6902
2020-02-21,0.4773,0.5412
2020-02-24,0.5182,0.6037
2020-02-25,0.5409,0.8125
2020-02-26,0.5773,0.6822
2020-02-27,0.5045,0.7141
2020-02-28,0.5818,0.8338
2020-03-02,0.4773,0.7553
2020-03-03,0.5864,0.5
2020-03-04,0.5364,0.7846
2020-03-05,0.4455,0.5878
2020-03-06,0.5545,0.7793
2020-03-09,0.6364,0.7713
2020-03-10,0.5364,0.8444
2020-03-11,0.6091,0.8205
2020-03-12,0.5955,0.8737
2020-03-13,0.5682,0.9082
2020-03-16,0.5364,0.9269
2020-03-17,0.3182,0.7952
2020-03-18,0.4273,0.9614
2020-03-19,0.2818,0.9508
2020-03-20,0.45,0.7793
2020-03-23,0.4182,0.5412
2020-03-24,0.3364,0.5585
2020-03-25,0.4864,0.9934
2020-03-26,0.4636,0.8777
2020-03-27,0.4773,0.9801
2020-03-30,0.5409,0.9202
2020-03-31,0.4227,0.9894
2020-04-01,0.5318,0.8777
2020-04-02,0.2909,0.8271
2020-04-03,0.4636,0.8856
2020-04-06,0.3091,0.6995
2020-04-07,0.4773,0.8816
2020-04-08,0.4818,0.8763
2020-04-09,0.5182,0.6609
2020-04-13,0.6364,0.7035
2020-04-14,0.4182,0.7287
2020-04-15,0.5364,0.7726
2020-04-16,0.3409,0.7673
2020-04-17,0.4773,0.8152
2020-04-20,0.6364,0.7181
2020-04-21,0.4273,0.7979
2020-04-22,0.3682,0.6782
2020-04-23,0.3227,0.7261
2020-04-24,0.5182,0.7979
2020-04-27,0.4273,0.8125
2020-04-28,0.5136,0.8085
2020-04-29,0.2864,0.7739
2020-04-30,0.4636,0.8511
2020-05-01,0.5182,0.7886
2020-05-04,0.4636,0.8072
2020-05-05,0.4682,0.7979
2020-05-06,0.3909,0.8657
2020-05-07,0.3364,0.734
2020-05-08,0.4545,0.8524
2020-05-11,0.5773,0.867
2020-05-12,0.4227,0.8271
2020-05-13,0.3591,0.7939
2020-05-14,0.3364,0.7952
2020-05-15,0.4818,0.8125
2020-05-18,0.3682,0.867
2020-05-19,0.4273,0.7859
2020-05-20,0.4273,0.8271
2020-05-21,0.4864,0.8816
2020-05-22,0.4,0.8072
2020-05-26,0.5136,0.8816
2020-05-27,0.3364,0.8338
2020-05-28,0.3591,0.8324
2020-05-29,0.4455,0.7939
2020-06-01,0.3727,0.8125
2020-06-02,0.4273,0.867
2020-06-03,0.4273,0.9003
2020-06-04,0.3818,0.7739
2020-06-05,0.4773,0.9202
2020-06-08,0.4182,0.7832
2020-06-09,0.4136,0.8125
2020-06-10,0.3909,0.7713
2020-06-11,0.4318,0.8949
2020-06-12,0.3091,0.8285
2020-06-15,0.3227,0.8338
2020-06-16,0.3227,0.8271
2020-06-17,0.3682,0.7912
2020-06-18,0.3727,0.7739
2020-06-19,0.4136,0.6383
2020-06-22,0.3364,0.6622
2020-06-23,0.3773,0.6423
2020-06-24,0.4727,0.6875
2020-06-25,0.3773,0.6769
2020-06-26,0.4545,0.629
2020-06-29,0.3909,0.6423
2020-06-30,0.4364,0.5944
2020-07-01,0.3727,0.6024
2020-07-02,0.5182,0.5691
2020-07-06,0.3682,0.5492
2020-07-07,0.4818,0.5598
2020-07-08,0.3682,0.5625
2020-07-09,0.5318,0.5811
2020-07-10,0.4636,0.6051
2020-07-13,0.4273,0.6104
2020-07-14,0.4455,0.6263
2020-07-15,0.4909,0.6662
2020-07-16,0.5318,0.7074
2020-07-17,0.4636,0.637
2020-07-20,0.4636,0.6822
2020-07-21,0.4,0.6423
2020-07-22,0.4818,0.637
2020-07-23,0.4273,0.6862
2020-07-24,0.4909,0.6915
2020-07-27,0.2955,0.6263
2020-07-28,0.3727,0.6941
2020-07-29,0.3773,0.7035
2020-07-30,0.4136,0.7832
2020-07-31,0.3773,0.7008
2020-08-03,0.4,0.7713
2020-08-04,0.4273,0.6503
2020-08-05,0.3682,0.7048
2020-08-06,0.4045,0.6915
2020-08-07,0.4773,0.8245
2020-08-10,0.3773,0.8045
2020-08-11,0.4864,0.8723
2020-08-12,0.4273,0.8577
2020-08-13,0.4864,0.7473
2020-08-14,0.4455,0.8816
2020-08-17,0.4227,0.7713
2020-08-18,0.5409,0.8378
2020-08-19,0.5545,0.9441
2020-08-20,0.4955,0.8511
2020-08-21,0.5545,0.9229
2020-08-24,0.5364,0.9229
2020-08-25,0.6455,0.9016
2020-08-26,0.5682,0.8497
2020-08-27,0.7136,0.9641
2020-08-28,0.5773,0.8418
2020-08-31,0.5955,0.9176
2020-09-01,0.5773,0.9056
2020-09-02,0.7818,0.9535
2020-09-03,0.7955,0.9388
2020-09-04,0.7909,0.9003
2020-09-08,0.8864,0.9415
2020-09-09,0.6,0.8963
2020-09-10,0.8227,0.9668
2020-09-11,0.7545,0.9641
2020-09-14,0.5818,0.9229
2020-09-15,0.6909,0.9641
2020-09-16,0.6045,0.9415
2020-09-17,0.7909,0.9654
2020-09-18,0.7773,0.9601
2020-09-21,0.9364,0.9894
2020-09-22,0.8318,0.9747
2020-09-23,0.9591,0.9934
2020-09-24,0.5955,0.9601
2020-09-25,0.8091,0.9854
2020-09-28,0.7273,0.9322
2020-09-29,0.8864,0.9588
2020-09-30,0.7955,0.9934
2020-10-01,0.85,0.9402
2020-10-02,0.9227,0.9867
2020-10-05,0.6909,0.9614
2020-10-06,0.9818,1.0
2020-10-07,0.8227,0.9867
2020-10-08,0.6364,0.9614
2020-10-09,0.6682,0.8285
2020-10-12,0.5182,0.9787
2020-10-13,0.7909,0.992
2020-10-14,0.7682,0.9402
2020-10-15,0.6364,0.9402
2020-10-16,0.7909,0.9694
2020-10-19,0.5545,0.9601
2020-10-20,0.5773,0.9255
2020-10-21,0.4591,0.8949
2020-10-22,0.5318,0.988
2020-10-23,0.6364,0.9668
2020-10-26,0.5727,0.9654
2020-10-27,0.4727,0.9415
2020-10-28,0.6318,0.9987
2020-10-29,0.5364,0.9854
2020-10-30,0.5682,0.9215
2020-11-02,0.5773,0.8444
2020-11-03,0.5545,0.887
2020-11-04,0.5364,0.9162
2020-11-05,0.4364,0.6423
2020-11-06,0.5409,0.8444
2020-11-09,0.5818,0.8963
2020-11-10,0.5955,0.8471
2020-11-11,0.5364,0.9149
2020-11-12,0.5545,0.8444
2020-11-13,0.5773,0.8404
2020-11-16,0.5409,0.883
2020-11-17,0.4955,0.9322
2020-11-18,0.5773,0.9508
2020-11-19,0.5545,0.9229
2020-11-20,0.5409,0.8976
2020-11-23,0.5955,0.9681
2020-11-24,0.5364,0.9322
2020-11-25,0.6,0.8285
2020-11-27,0.8091,0.8444
2020-11-30,0.4636,0.7912
2020-12-01,0.7227,0.4867
2020-12-02,0.6864,0.6303
2020-12-03,0.6364,0.6343
2020-12-04,0.7,0.7872
2020-12-07,0.65,0.5452
2020-12-08,0.7,0.7101
2020-12-09,0.7682,0.8949
2020-12-10,0.7,0.7872
2020-12-11,0.8045,0.7035
2020-12-14,0.5955,0.7939
2020-12-15,0.7,0.4934
2020-12-16,0.5955,0.6197
2020-12-17,0.5409,0.5492
2020-12-18,0.6455,0.7633
2020-12-21,0.6364,0.7846
2020-12-22,0.5955,0.8271
2020-12-23,0.6364,0.5931
2020-12-24,0.6545,0.6423
2020-12-28,0.5182,0.8045
2020-12-29,0.6318,0.6729
2020-12-30,0.5545,0.5705
2020-12-31,0.6,0.6529
2021-01-04,0.3975,0.2493
2021-01-05,0.4545,0.6074
2021-01-06,0.4609,0.7878
2021-01-07,0.4101,0.6684
2021-01-08,0.4841,0.6472
2021-01-11,0.5729,0.3435
2021-01-12,0.3784,0.2772
2021-01-13,0.3975,0.4297
2021-01-14,0.3869,0.4509
2021-01-15,0.5159,0.4509
2021-01-19,0.4186,0.4523
2021-01-20,0.4841,0.1525
2021-01-21,0.5116,0.4536
2021-01-22,0.444,0.3979
2021-01-25,0.4947,0.3568
2021-01-26,0.4672,0.2613
2021-01-27,0.4736,0.2745
2021-01-28,0.3975,0.1817
2021-01-29,0.4313,0.2493
2021-02-01,0.5349,0.1114
2021-02-02,0.4672,0.4204
2021-02-03,0.537,0.1724
2021-02-04,0.5433,0.374
2021-02-05,0.5729,0.0676
2021-02-08,0.4715,0.0782
2021-02-09,0.5349,0.2308
2021-02-10,0.592,0.6154
2021-02-11,0.5328,0.63
2021-02-12,0.592,0.5875
2021-02-16,0.5772,0.4947
2021-02-17,0.5307,0.3037
2021-02-18,0.5962,0.1247
2021-02-19,0.5793,0.1313
2021-02-22,0.6047,0.0663
2021-02-23,0.63,0.5
2021-02-24,0.5518,0.5517
2021-02-25,0.611,0.5385
2021-02-26,0.6406,0.5
2021-03-01,0.6321,0.3183
2021-03-02,0.6406,0.1114
2021-03-03,0.6068,0.3568
2021-03-04,0.6892,0.2095
2021-03-05,0.6638,0.0809
2021-03-08,0.6829,0.1432
2021-03-09,0.6956,0.0411
2021-03-10,0.7167,0.0769
2021-03-11,0.7526,0.1127
2021-03-12,0.7674,0.2401
2021-03-15,0.7759,0.1817
2021-03-16,0.7738,0.4111
2021-03-17,0.7526,0.1194
2021-03-18,0.7738,0.5968
2021-03-19,0.7569,0.4204
2021-03-22,0.7844,0.5199
2021-03-23,0.7759,0.4297
2021-03-24,0.7569,0.0769
2021-03-25,0.778,0.2454
2021-03-26,0.7569,0.0862
2021-03-29,0.723,0.4814
2021-03-30,0.7759,0.4337
2021-03-31,0.7759,0.0477
2021-04-01,0.7844,0.0623
2021-04-05,0.7759,0.2334
2021-04-06,0.7949,0.0796
2021-04-07,0.8055,0.4337
2021-04-08,0.8266,0.069
2021-04-09,0.8689,0.5623
2021-04-12,0.871,0.5186
2021-04-13,0.7569,0.061
2021-04-14,0.7611,0.3926
2021-04-15,0.759,0.0517
2021-04-16,0.778,0.0809
2021-04-19,0.7336,0.6525
2021-04-20,0.7759,0.1857
2021-04-21,0.7569,0.0955
2021-04-22,0.7188,0.7918
2021-04-23,0.6956,0.7294
2021-04-26,0.6977,0.4337
2021-04-27,0.704,0.7122
2021-04-28,0.704,0.4337
2021-04-29,0.6702,0.7215
2021-04-30,0.6765,0.7202
2021-05-03,0.6744,0.0769
2021-05-04,0.6406,0.8143
2021-05-05,0.6744,0.2626
2021-05-06,0.611,0.0769
2021-05-07,0.5941,0.1432
2021-05-10,0.5391,0.6167
2021-05-11,0.6152,0.7228
2021-05-12,0.5729,0.9138
2021-05-13,0.4672,0.5093
2021-05-14,0.5708,0.1658
2021-05-17,0.4609,0.1379
2021-05-18,0.5222,0.5716
2021-05-19,0.5116,0.6088
2021-05-20,0.6913,0.374
2021-05-21,0.5708,0.6154
2021-05-24,0.9302,0.5172
2021-05-25,0.6765,0.1897
2021-05-26,0.8795,0.5716
2021-05-27,0.7992,0.4072
2021-05-28,0.6638,0.2838
2021-06-01,0.833,0.4801
2021-06-02,0.9619,0.2653
2021-06-03,0.8351,0.8859
2021-06-04,0.6892,0.1525
2021-06-07,0.6892,0.2493
2021-06-08,0.5983,0.565
2021-06-09,0.9619,0.5491
2021-06-10,0.8985,0.2175
2021-06-11,0.9239,0.8979
2021-06-14,0.945,0.8369
2021-06-15,0.7844,0.7599
2021-06-16,0.6554,0.8966
2021-06-17,0.6554,0.7586
2021-06-18,0.592,0.2706
2021-06-21,0.5581,0.0477
2021-06-22,0.685,0.2626
2021-06-23,0.833,0.1114
2021-06-24,0.8795,0.1432
2021-06-25,0.5497,0.0822
2021-06-28,0.8626,0.187
2021-06-29,0.8034,0.7268
2021-06-30,0.5793,0.0769
2021-07-01,0.5687,0.0862
2021-07-02,0.7082,0.0663
2021-07-06,0.7125,0.069
2021-07-07,0.7019,0.0769
2021-07-08,0.5729,0.2321
2021-07-09,0.63,0.0955
2021-07-12,0.5729,0.5119
2021-07-13,0.5877,0.2109
2021-07-14,0.6342,0.0809
2021-07-15,0.5349,0.3329
2021-07-16,0.5835,0.935
2021-07-19,0.5328,0.2188
2021-07-20,0.518,0.3302
2021-07-21,0.5877,0.565
2021-07-22,0.6871,0.0955
2021-07-23,0.6237,0.3276
2021-07-26,0.2896,0.1883
2021-07-27,0.5983,0.0836
2021-07-28,0.5772,0.0756
2021-07-29,0.6364,0.0769
2021-07-30,0.6913,0.6844
2021-08-02,0.6723,0.1393
2021-08-03,0.6047,0.1432
2021-08-04,0.5793,0.1114
2021-08-05,0.6533,0.2493
2021-08-06,0.5772,0.691
2021-08-09,0.5687,0.5451
2021-08-10,0.7928,0.061
2021-08-11,0.7061,0.0332
2021-08-12,0.759,0.0769
2021-08-13,0.6089,0.0438
2021-08-16,0.7526,0.0663
2021-08-17,0.7526,0.1021
2021-08-18,0.7082,0.0782
2021-08-19,0.5729,0.126
2021-08-20,0.5433,0.0716
2021-08-23,0.6342,0.0544
2021-08-24,0.7759,0.0968
2021-08-25,0.685,0.6432
2021-08-26,0.833,0.1154
2021-08-27,0.5856,0.0769
2021-08-30,0.6723,0.6074
2021-08-31,0.797,0.1684
2021-09-01,0.6004,0.3395
2021-09-02,0.6025,0.5928
2021-09-03,0.6448,0.1207
2021-09-07,0.852,0.8859
2021-09-08,0.7759,0.3886
2021-09-09,0.7526,0.0968
2021-09-10,0.759,0.5584
2021-09-13,0.7082,0.0862
2021-09-14,0.592,0.0769
2021-09-15,0.6342,0.565
2021-09-16,0.7569,0.687
2021-09-17,0.7569,0.1114
2021-09-20,0.7209,0.0623
2021-09-21,0.6934,0.0769
2021-09-22,0.5941,0.4005
2021-09-23,0.649,0.6777
2021-09-24,0.6913,0.2228
2021-09-27,0.6364,0.1379
2021-09-28,0.6364,0.6777
2021-09-29,0.6342,0.5027
2021-09-30,0.5729,0.061
2021-10-01,0.4397,0.1194
2021-10-04,0.7336,0.0849
2021-10-05,0.6977,0.4536
2021-10-06,0.5729,0.0849
2021-10-07,0.8816,0.3581
2021-10-08,0.7865,0.1114
2021-10-11,0.6152,0.1154
2021-10-12,0.8985,0.0743
2021-10-13,0.6723,0.061
2021-10-14,0.7907,0.1114
2021-10-15,0.556,0.683
2021-10-18,0.7082,0.1167
2021-10-19,0.592,0.0729
2021-10-20,0.5941,0.0676
2021-10-21,0.8288,0.1379
2021-10-22,0.9006,0.0902
2021-10-25,0.6702,0.1114
2021-10-26,0.8478,0.7984
2021-10-27,0.8605,0.187
2021-10-28,0.6047,0.4443
2021-10-29,0.6681,0.9496
2021-11-01,0.7907,0.1034
2021-11-02,0.6237,0.6631
2021-11-03,0.8034,0.9085
2021-11-04,0.797,0.0597
2021-11-05,0.7146,0.0769
2021-11-08,0.4609,0.1883
2021-11-09,0.6956,0.2334
2021-11-10,0.7378,0.1393
2021-11-11,0.7653,0.3276
2021-11-12,0.7336,0.5769
2021-11-15,0.6829,0.6684
2021-11-16,0.6406,0.8859
2021-11-17,0.592,0.126
2021-11-18,0.5666,0.7003
2021-11-19,0.5645,0.8369
2021-11-22,0.5222,0.7918
2021-11-23,0.5603,0.6472
2021-11-24,0.5391,0.1034
2021-11-26,0.5222,0.0809
2021-11-29,0.6702,0.0743
2021-11-30,0.6216,0.1353
2021-12-01,0.6406,0.0252
2021-12-02,0.6406,0.0862
2021-12-03,0.5433,0.008
2021-12-06,0.5116,0.0743
2021-12-07,0.6892,0.0239
2021-12-08,0.6068,0.0464
2021-12-09,0.5053,0.317
2021-12-10,0.6829,0.0385
2021-12-13,0.556,0.0517
2021-12-14,0.6892,0.683
2021-12-15,0.9302,0.0782
2021-12-16,0.7569,0.0623
2021-12-17,0.7717,0.3846
2021-12-20,0.9323,0.6313
2021-12-21,0.9704,0.1631
2021-12-22,0.9683,0.0716
2021-12-23,0.9091,0.13
2021-12-27,0.9619,0.1379
2021-12-28,0.5772,0.5292
2021-12-29,0.8288,0.2387
2021-12-30,0.9556,0.0942
2021-12-31,0.6279,0.1021
2022-01-03,0.5117,0.3854
2022-01-04,0.7407,0.1735
2022-01-05,0.931,0.404
2022-01-06,0.6579,0.3815
2022-01-07,0.5062,0.2517
2022-01-10,0.4441,0.3298
2022-01-11,0.1586,0.1801
2022-01-12,0.2483,0.4265
2022-01-13,0.4828,0.6821
2022-01-14,0.2193,0.6464
2022-01-18,0.4152,0.5007
2022-01-19,0.1945,0.2079
2022-01-20,0.149,0.5325
2022-01-21,0.2703,0.5404
2022-01-24,0.1503,0.3589
2022-01-25,0.0593,0.3987
2022-01-26,0.0621,0.4477
2022-01-27,0.1131,0.4238
2022-01-28,0.051,0.3868
2022-01-31,0.051,0.2411
2022-02-01,0.0634,0.3285
2022-02-02,0.069,0.343
2022-02-03,0.0634,0.551
2022-02-04,0.0276,0.4636
2022-02-07,0.04,0.3285
2022-02-08,0.1145,0.5232
2022-02-09,0.0579,0.4636
2022-02-10,0.0745,0.6702
2022-02-11,0.1172,0.2119
2022-02-14,0.0662,0.4212
2022-02-15,0.0428,0.551
2022-02-16,0.0607,0.3377
2022-02-17,0.1241,0.3086
2022-02-18,0.0552,0.3868
2022-02-22,0.0897,0.3722
2022-02-23,0.051,0.3642
2022-02-24,0.04,0.4238
2022-02-25,0.0097,0.4636
2022-02-28,0.011,0.3868
2022-03-01,0.0317,0.3523
2022-03-02,0.051,0.547
2022-03-03,0.069,0.4755
2022-03-04,0.0759,0.3987
2022-03-07,0.0621,0.4344
2022-03-08,0.0041,0.3642
2022-03-09,0.0041,0.5801
2022-03-10,0.0524,0.5391
2022-03-11,0.0069,0.5947
2022-03-14,0.0041,0.6344
2022-03-15,0.0041,0.5974
2022-03-16,0.0041,0.5113
2022-03-17,0.0041,0.5934
2022-03-18,0.0041,0.7603
2022-03-21,0.0372,0.5616
2022-03-22,0.0097,0.7762
2022-03-23,0.0441,0.4914
2022-03-24,0.0372,0.6464
2022-03-25,0.0552,0.8715
2022-03-28,0.0497,0.8993
2022-03-29,0.0841,0.8344
2022-03-30,0.0869,0.5881
2022-03-31,0.1103,0.8265
2022-04-01,0.0662,0.8993
2022-04-04,0.1145,0.5868
2022-04-05,0.12,0.7298
2022-04-06,0.149,0.457
2022-04-07,0.0814,0.5748
2022-04-08,0.0897,0.5497
2022-04-11,0.0924,0.6
2022-04-12,0.0538,0.6437
2022-04-13,0.0069,0.7828
2022-04-14,0.051,0.9007
2022-04-18,0.0069,0.7523
2022-04-19,0.0069,0.9113
2022-04-20,0.0372,0.6742
2022-04-21,0.0248,0.9113
2022-04-22,0.0538,0.8887
2022-04-25,0.0041,0.743
2022-04-26,0.0497,0.5801
2022-04-27,0.0041,0.8689
2022-04-28,0.0041,0.5563
2022-04-29,0.0372,0.6874
2022-05-02,0.0041,0.6411
2022-05-03,0.0069,0.4556
2022-05-04,0.0,0.3497
2022-05-05,0.051,0.5987
2022-05-06,0.0041,0.445
2022-05-09,0.051,0.4834
2022-05-10,0.0041,0.3563
2022-05-11,0.0124,0.2079
2022-05-12,0.0041,0.298
2022-05-13,0.0,0.2079
2022-05-16,0.0041,0.1086
2022-05-17,0.0028,0.1695
2022-05-18,0.0041,0.1272
2022-05-19,0.0014,0.0768
2022-05-20,0.0041,0.1497
2022-05-23,0.0041,0.1417
2022-05-24,0.0014,0.1536
2022-05-25,0.0014,0.3046
2022-05-26,0.0041,0.253
2022-05-27,0.0041,0.2185
2022-05-31,0.0,0.2927
2022-06-01,0.0097,0.147
2022-06-02,0.0028,0.1404
2022-06-03,0.0041,0.3695
2022-06-06,0.0,0.2397
2022-06-07,0.0055,0.1285
2022-06-08,0.0152,0.2252
2022-06-09,0.0041,0.2411
2022-06-10,0.0221,0.1113
2022-06-13,0.0593,0.3417
2022-06-14,0.0041,0.2331
2022-06-15,0.0041,0.0795
2022-06-16,0.0041,0.1192
2022-06-17,0.0041,0.3298
2022-06-21,0.0,0.2079
2022-06-22,0.0041,0.1258
2022-06-23,0.0,0.2119
2022-06-24,0.0,0.1205
2022-06-27,0.0041,0.1139
2022-06-28,0.0041,0.1113
2022-06-29,0.0014,0.1099
2022-06-30,0.0041,0.1444
2022-07-01,0.0,0.0768
2022-07-05,0.0,0.147
2022-07-06,0.0,0.0954
2022-07-07,0.0,0.0146
2022-07-08,0.0,0.0132
2022-07-11,0.0041,0.0278
2022-07-12,0.0041,0.0146
2022-07-13,0.0,0.0026
2022-07-14,0.0,0.0411
2022-07-15,0.0,0.004
2022-07-18,0.0,0.0026
2022-07-19,0.0,0.0
2022-07-20,0.0041,0.0106
2022-07-21,0.0055,0.0
2022-07-22,0.0055,0.0
2022-07-25,0.0055,0.0
2022-07-26,0.0041,0.0
2022-07-27,0.0,0.0
2022-07-28,0.0041,0.0
2022-07-29,0.0041,0.0
2022-08-01,0.0207,0.0
2022-08-02,0.0041,0.0066
2022-08-03,0.0041,0.0013
2022-08-04,0.0097,0.004
2022-08-05,0.0,0.0768
2022-08-08,0.0014,0.0132
2022-08-09,0.0055,0.0503
2022-08-10,0.0041,0.0834
2022-08-11,0.0041,0.0768
2022-08-12,0.0055,0.0649
2022-08-15,0.0041,0.1642
2022-08-16,0.0041,0.0834
2022-08-17,0.0041,0.1099
2022-08-18,0.0014,0.0808
2022-08-19,0.0372,0.0808
2022-08-22,0.0014,0.0649
2022-08-23,0.0,0.0026
2022-08-24,0.0014,0.0132
2022-08-25,0.0,0.0106
2022-08-26,0.0041,0.0742
2022-08-29,0.0014,0.0
2022-08-30,0.0,0.0238
2022-08-31,0.0,0.0119
2022-09-01,0.0,0.0106
2022-09-02,0.0,0.0
2022-09-06,0.0041,0.0026
2022-09-07,0.0,0.0
2022-09-08,0.0,0.0026
2022-09-09,0.0,0.0
2022-09-12,0.0,0.0
2022-09-13,0.0097,0.0132
2022-09-14,0.0041,0.0
2022-09-15,0.0014,0.0278
2022-09-16,0.0014,0.0
2022-09-19,0.0014,0.0
2022-09-20,0.0041,0.0
2022-09-21,0.0014,0.0
2022-09-22,0.0,0.0
2022-09-23,0.0041,0.0132
2022-09-26,0.0,0.0026
2022-09-27,0.0,0.0
2022-09-28,0.0,0.0
2022-09-29,0.0041,0.0
2022-09-30,0.0,0.0
2022-10-03,0.0,0.0
2022-10-04,0.0,0.0
2022-10-05,0.0041,0.0066
2022-10-06,0.0041,0.0
2022-10-07,0.0041,0.0225
2022-10-10,0.0,0.0238
2022-10-11,0.0,0.0
2022-10-12,0.0,0.0
2022-10-13,0.0,0.0013
2022-10-14,0.0014,0.0132
2022-10-17,0.0,0.0
2022-10-18,0.0041,0.0
2022-10-19,0.0014,0.0199
2022-10-20,0.0028,0.0
2022-10-21,0.0,0.0
2022-10-24,0.0,0.0026
2022-10-25,0.0,0.0
2022-10-26,0.0028,0.0
2022-10-27,0.0041,0.0013
2022-10-28,0.0041,0.0212
2022-10-31,0.0041,0.0066
2022-11-01,0.0041,0.0
2022-11-02,0.0041,0.0026
2022-11-03,0.0041,0.0
2022-11-04,0.0041,0.0
2022-11-07,0.0097,0.0013
2022-11-08,0.051,0.0
2022-11-09,0.0207,0.0305
2022-11-10,0.0,0.0132
2022-11-11,0.0041,0.0768
2022-11-14,0.0041,0.1205
2022-11-15,0.0,0.147
2022-11-16,0.0028,0.1788
2022-11-17,0.0,0.2079
2022-11-18,0.0,0.2079
2022-11-21,0.0041,0.1801
2022-11-22,0.0,0.1695
2022-11-23,0.0,0.1642
2022-11-25,0.0,0.1947
2022-11-28,0.0,0.2291
2022-11-29,0.0,0.1841
2022-11-30,0.0,0.1722
2022-12-01,0.0,0.1669
2022-12-02,0.0,0.3073
2022-12-05,0.0,0.3166
2022-12-06,0.0,0.2464
2022-12-07,0.0,0.2331
2022-12-08,0.0,0.2768
2022-12-09,0.0,0.2768
2022-12-12,0.0,0.302
2022-12-13,0.0,0.1722
2022-12-14,0.0014,0.3113
2022-12-15,0.0041,0.3113
2022-12-16,0.0041,0.2225
2022-12-19,0.0014,0.3113
2022-12-20,0.0,0.2172
2022-12-21,0.0014,0.3854
2022-12-22,0.0,0.3854
2022-12-23,0.0,0.3113
2022-12-27,0.0,0.2914
2022-12-28,0.0,0.4344
2022-12-29,0.0,0.3616
2022-12-30,0.0,0.3629
2023-01-03,0.0411,0.4225
2023-01-04,0.0411,0.4371
2023-01-05,0.0689,0.8768
2023-01-06,0.0596,0.3921
2023-01-09,0.0358,0.4755
2023-01-10,0.0503,0.4503
2023-01-11,0.0583,0.4715
2023-01-12,0.0848,0.4172
2023-01-13,0.1364,0.4066
2023-01-17,0.2265,0.4675
2023-01-18,0.4834,0.4609
2023-01-19,0.3629,0.3987
2023-01-20,0.3576,0.4503
2023-01-23,0.3285,0.4344
2023-01-24,0.4397,0.4464
2023-01-25,0.6305,0.4344
2023-01-26,0.5974,0.4861
2023-01-27,0.6358,0.4834
2023-01-30,0.7086,0.4967
2023-01-31,0.5656,0.4728
2023-02-01,0.4662,0.4225
2023-02-02,0.3828,0.9775
2023-02-03,0.5921,1.0
2023-02-06,0.5444,0.8106
2023-02-07,0.396,0.8344
2023-02-08,0.4305,0.8238
2023-02-09,0.7285,0.9881
2023-02-10,0.657,0.8093
2023-02-13,0.7391,0.8927
2023-02-14,0.3828,0.7113
2023-02-15,0.3272,0.8993
2023-02-16,0.3152,0.7258
2023-02-17,0.7311,0.5563
2023-02-21,0.5735,0.7828
2023-02-22,0.8238,0.8238
2023-02-23,0.6159,0.6874
2023-02-24,0.8715,0.8265
2023-02-27,0.6384,0.4715
2023-02-28,0.6291,0.4675
2023-03-01,0.5841,0.4411
2023-03-02,0.4702,0.5126
2023-03-03,0.8755,0.3735
2023-03-06,0.3828,0.7828
2023-03-07,0.6331,0.8517
2023-03-08,0.5974,0.4649
2023-03-09,0.8914,0.3563
2023-03-10,0.8278,0.3311
2023-03-13,0.2742,0.3735
2023-03-14,0.3669,0.6901
2023-03-15,0.6583,0.5099
2023-03-16,0.3762,0.7113
2023-03-17,0.3364,0.5629
2023-03-20,0.351,0.6106
2023-03-21,0.3669,0.8291
2023-03-22,0.604,0.5152
2023-03-23,0.3417,0.6596
2023-03-24,0.4238,0.7934
2023-03-27,0.5113,0.7616
2023-03-28,0.3828,0.6146
2023-03-29,0.3629,0.7258
2023-03-30,0.4821,0.5987
2023-03-31,0.3828,0.7364
2023-04-03,0.4662,0.6556
2023-04-04,0.4132,0.5947
2023-04-05,0.4331,0.7457
2023-04-06,0.4834,0.7642
2023-04-10,0.3722,0.8066
2023-04-11,0.3722,0.702
2023-04-12,0.4623,0.7311
2023-04-13,0.396,0.8106
2023-04-14,0.4517,0.8093
2023-04-17,0.5735,0.7616
2023-04-18,0.4397,0.8066
2023-04-19,0.5947,0.7166
2023-04-20,0.6225,0.8636
2023-04-21,0.6424,0.7669
2023-04-24,0.5603,0.8927
2023-04-25,0.5854,0.9258
2023-04-26,0.596,0.8861
2023-04-27,0.4397,0.9497
2023-04-28,0.6146,0.9656
2023-05-01,0.7921,0.9258
2023-05-02,0.5086,0.9682
2023-05-03,0.6199,0.996
2023-05-04,0.5828,0.9921
2023-05-05,0.5775,0.8291
2023-05-08,0.8874,0.9682
2023-05-09,0.5695,0.9735
2023-05-10,0.6517,0.951
2023-05-11,0.8278,0.8689
2023-05-12,0.8755,0.9311
2023-05-15,0.7205,0.9656
2023-05-16,0.8914,0.9563
2023-05-17,0.8742,0.9762
2023-05-18,0.9099,0.9921
2023-05-19,0.9033,0.9258
2023-05-22,0.9099,1.0
2023-05-23,0.8914,0.996
2023-05-24,0.9695,0.9987
2023-05-25,0.8914,1.0
2023-05-26,0.8755,0.9682
2023-05-30,0.8291,0.955
2023-05-31,0.9497,0.996
2023-06-01,0.8914,0.9563
2023-06-02,0.8331,0.9868
2023-06-05,0.902,0.8861
2023-06-06,0.6662,0.9682
2023-06-07,0.9033,0.9987
2023-06-08,0.8291,0.845
2023-06-09,0.857,0.996
2023-06-12,0.9709,0.996
2023-06-13,0.9166,0.9921
2023-06-14,0.9947,0.996
2023-06-15,0.9987,0.9682
2023-06-16,0.9258,0.9921
2023-06-20,0.9007,0.9536
2023-06-21,0.9099,0.996
2023-06-22,0.9073,0.9669
2023-06-23,0.8914,0.8517
2023-06-26,0.7629,0.9205
2023-06-27,0.804,0.9775
2023-06-28,0.702,0.9682
2023-06-29,0.8185,0.9523
2023-06-30,0.755,0.9113
2023-07-03,0.8596,0.9841
2023-07-05,0.7311,0.9934
2023-07-06,0.7709,0.9841
2023-07-07,0.7748,0.9536
2023-07-10,0.8636,1.0
2023-07-11,0.8093,0.9947
2023-07-12,0.8755,0.9232
2023-07-13,0.902,1.0
2023-07-14,0.8834,0.996
2023-07-17,0.8755,1.0
2023-07-18,0.8728,0.9682
2023-07-19,0.8212,1.0
2023-07-20,0.743,1.0
2023-07-21,0.6954,1.0
2023-07-24,0.7351,0.9921
2023-07-25,0.7603,0.9497
2023-07-26,0.8914,0.955
2023-07-27,0.9099,0.9497
2023-07-28,0.9099,0.8265
2023-07-31,0.845,0.8517
2023-08-01,0.9444,0.8954
2023-08-02,0.8874,0.7987
2023-08-03,0.9735,0.7192
2023-08-04,0.9152,0.5748
2023-08-07,0.9868,0.8146
2023-08-08,0.9033,0.7762
2023-08-09,0.8728,0.6278
2023-08-10,0.9735,0.4371
2023-08-11,0.8954,0.457
2023-08-14,0.9497,0.4344
2023-08-15,0.9695,0.3775
2023-08-16,0.9788,0.3974
2023-08-17,0.8623,0.6252
2023-08-18,0.8861,0.8636
2023-08-21,0.698,0.8517
2023-08-22,0.9073,0.943
2023-08-23,0.6013,0.9338
2023-08-24,0.9364,0.9907
2023-08-25,0.902,0.9868
2023-08-28,0.8914,0.9841
2023-08-29,0.3219,0.9762
2023-08-30,0.9841,0.9947
2023-08-31,0.9457,0.9987
2023-09-01,0.9762,0.996
2023-09-05,0.9073,0.9788
2023-09-06,0.9656,0.996
2023-09-07,0.947,0.996
2023-09-08,0.9735,0.996
2023-09-11,0.9682,0.996
2023-09-12,0.2967,0.8093
2023-09-13,0.396,0.7695
2023-09-14,0.6265,0.449
2023-09-15,0.7709,0.3868
2023-09-18,0.3444,0.3616
2023-09-19,0.3576,0.4768
2023-09-20,0.6212,0.6914
2023-09-21,0.747,0.8371
2023-09-22,0.6371,0.4371
2023-09-25,0.604,0.8265
2023-09-26,0.6424,0.7298
2023-09-27,0.5205,0.4768
2023-09-28,0.4517,0.3629
2023-09-29,0.7099,0.3589
2023-10-02,0.3762,0.3258
2023-10-03,0.698,0.245
2023-10-04,0.6066,0.2079
2023-10-05,0.653,0.2106
2023-10-06,0.6424,0.1523
2023-10-09,0.6874,0.0781
2023-10-10,0.6199,0.2026
2023-10-11,0.6225,0.1497
2023-10-12,0.5921,0.2411
2023-10-13,0.5391,0.098
2023-10-16,0.3351,0.3576
2023-10-17,0.7815,0.8185
2023-10-18,0.8649,0.4371
2023-10-19,0.8768,0.8861
2023-10-20,0.8477,0.9563
2023-10-23,0.6517,0.996
2023-10-24,0.5603,0.9841
2023-10-25,0.653,0.9497
2023-10-26,0.8728,0.9497
2023-10-27,0.8821,0.8517
2023-10-30,0.6848,0.9245
2023-10-31,0.7921,0.8649
2023-11-01,0.7642,0.8291
2023-11-02,0.6517,0.702
2023-11-03,0.8093,0.6384
2023-11-06,0.6199,0.8225
2023-11-07,0.5656,0.8291
2023-11-08,0.555,0.849
2023-11-09,0.4927,0.6212
2023-11-10,0.4649,0.7987
2023-11-13,0.5258,0.5126
2023-11-14,0.7205,0.4768
2023-11-15,0.396,0.7589
2023-11-16,0.5682,0.4371
2023-11-17,0.4477,0.7192
2023-11-20,0.396,0.7642
2023-11-21,0.4914,0.4715
2023-11-22,0.4358,0.8344
2023-11-24,0.4212,0.5483
2023-11-27,0.4901,0.5232
2023-11-28,0.4358,0.4702
2023-11-29,0.4808,0.845
2023-11-30,0.4517,0.9113
2023-12-01,0.396,0.4623
2023-12-04,0.3669,0.8517
2023-12-05,0.3788,0.7099
2023-12-06,0.3987,0.604
2023-12-07,0.4238,0.6623
2023-12-08,0.3881,0.7709
2023-12-11,0.6358,0.7272
2023-12-12,0.4331,0.6596
2023-12-13,0.4132,0.4212
2023-12-14,0.4318,0.5536
2023-12-15,0.4808,0.7272
2023-12-18,0.4848,0.6
2023-12-19,0.4543,0.5642
2023-12-20,0.4238,0.7788
2023-12-21,0.4702,0.5483
2023-12-22,0.4583,0.6066
2023-12-26,0.604,0.5364
2023-12-27,0.4411,0.5272
2023-12-28,0.5285,0.8093
2023-12-29,0.5404,0.7099
2024-01-02,0.2975,0.3227
2024-01-03,0.8473,0.7596
2024-01-04,0.324,0.2324
2024-01-05,0.4847,0.2815
2024-01-08,0.3108,0.8552
2024-01-09,0.3851,0.2789
2024-01-10,0.4143,0.6786
2024-01-11,0.3798,0.2444
2024-01-12,0.9309,0.1049
2024-01-16,0.4542,0.4343
2024-01-17,0.4568,0.4781
2024-01-18,0.923,0.0319
2024-01-19,0.2218,0.0398
2024-01-22,0.8924,0.0531
2024-01-23,0.8367,0.0292
2024-01-24,0.2244,0.1049
2024-01-25,0.2032,0.0292
2024-01-26,0.1992,0.0398
2024-01-29,0.2112,0.0478
2024-01-30,0.2032,0.0385
2024-01-31,0.2178,0.0491
2024-02-01,0.2377,0.1129
2024-02-02,0.1939,0.1567
2024-02-05,0.2032,0.1062
2024-02-06,0.2377,0.1169
2024-02-07,0.3081,0.1394
2024-02-08,0.3134,0.1514
2024-02-09,0.3134,0.2231
2024-02-12,0.3386,0.1965
2024-02-13,0.3333,0.5538
2024-02-14,0.328,0.2975
2024-02-15,0.2815,0.3572
2024-02-16,0.2563,0.6335
2024-02-20,0.2032,0.6189
2024-02-21,0.2112,0.575
2024-02-22,0.239,0.6175
2024-02-23,0.2112,0.4847
2024-02-26,0.2988,0.4329
2024-02-27,0.2882,0.4714
2024-02-28,0.2922,0.4914
2024-02-29,0.2683,0.4887
2024-03-01,0.2417,0.5432
2024-03-04,0.3001,0.6879
2024-03-05,0.3054,0.8725
2024-03-06,0.34,0.7849
2024-03-07,0.3001,0.7795
2024-03-08,0.3108,0.6879
2024-03-11,0.3307,0.6919
2024-03-12,0.3161,0.8778
2024-03-13,0.2829,0.4104
2024-03-14,0.1886,0.4927
2024-03-15,0.2311,0.5339
2024-03-18,0.1939,0.429
2024-03-19,0.1673,0.3373
2024-03-20,0.2324,0.2722
2024-03-21,0.1886,0.324
2024-03-22,0.1952,0.405
2024-03-25,0.3891,0.2444
2024-03-26,0.1952,0.2457
2024-03-27,0.2271,0.2736
2024-03-28,0.3453,0.3134
2024-04-01,0.2417,0.2749
2024-04-02,0.1793,0.3121
2024-04-03,0.3134,0.2669
2024-04-04,0.3851,0.1514
2024-04-05,0.3041,0.3201
2024-04-08,0.4861,0.2231
2024-04-09,0.2736,0.2112
2024-04-10,0.4449,0.1514
2024-04-11,0.4064,0.2815
2024-04-12,0.2922,0.1713
2024-04-15,0.2284,0.2656
2024-04-16,0.3705,0.1567
2024-04-17,0.3174,0.158
2024-04-18,0.4834,0.1541
2024-04-19,0.4582,0.1567
2024-04-22,0.49,0.5339
2024-04-23,0.3904,0.1687
2024-04-24,0.3493,0.1474
2024-04-25,0.4648,0.1501
2024-04-26,0.3904,0.1461
2024-04-29,0.4276,0.1461
2024-04-30,0.5259,0.7012
2024-05-01,0.571,0.2483
2024-05-02,0.6507,0.1594
2024-05-03,0.6587,0.1673
2024-05-06,0.5764,0.3121
2024-05-07,0.5896,0.2629
2024-05-08,0.579,0.3187
2024-05-09,0.6746,0.3984
2024-05-10,0.656,0.4117
2024-05-13,0.7742,0.2789
2024-05-14,0.5458,0.4369
2024-05-15,0.6733,0.4316
2024-05-16,0.4515,0.3041
2024-05-17,0.5378,0.4197
2024-05-20,0.5418,0.328
2024-05-21,0.3652,0.2404
2024-05-22,0.405,0.4343
2024-05-23,0.3599,0.761
2024-05-24,0.413,0.3015
2024-05-28,0.3825,0.3931
2024-05-29,0.3572,0.5033
2024-05-30,0.3386,0.2869
2024-05-31,0.332,0.4954
2024-06-03,0.3625,0.3944
2024-06-04,0.3134,0.7649
2024-06-05,0.4436,0.4967
2024-06-06,0.4887,0.4608
2024-06-07,0.5339,0.9509
2024-06-10,0.4502,0.5392
2024-06-11,0.5259,0.6467
2024-06-12,0.3572,0.6401
2024-06-13,0.3081,0.7649
2024-06-14,0.3519,0.668
2024-06-17,0.3493,0.83
2024-06-18,0.3134,0.741
2024-06-20,0.3904,0.6839
2024-06-21,0.2683,0.9296
2024-06-24,0.7915,0.6707
2024-06-25,0.5458,0.6932
2024-06-26,0.6135,0.8074
2024-06-27,0.83,0.5591
2024-06-28,0.8061,0.5432
2024-07-01,0.8552,0.5126
2024-07-02,0.8539,0.4396
2024-07-03,0.8606,0.5007
2024-07-05,0.8818,0.4462
2024-07-08,0.9894,0.5684
2024-07-09,0.9695,0.4329
2024-07-10,0.996,0.4104
2024-07-11,0.9947,0.4396
2024-07-12,0.992,0.5498
2024-07-15,0.7703,0.5525
2024-07-16,0.8991,0.51
2024-07-17,0.8738,0.6707
2024-07-18,0.8659,0.6361
2024-07-19,0.8552,0.6401
2024-07-22,0.8313,0.4728
2024-07-23,0.7968,0.3625
2024-07-24,0.8446,0.332
2024-07-25,0.8074,0.2722
2024-07-26,0.8074,0.2483
2024-07-29,0.761,0.2284
2024-07-30,0.7384,0.2869
2024-07-31,0.5896,0.3254
2024-08-01,0.4064,0.2789
2024-08-02,0.4104,0.3214
2024-08-05,0.3918,0.328
2024-08-06,0.4675,0.2483
2024-08-07,0.1912,0.2178
2024-08-08,0.4568,0.3878
2024-08-09,0.3493,0.3201
2024-08-12,0.1952,0.4861
2024-08-13,0.5458,0.332
2024-08-14,0.3028,0.3586
2024-08-15,0.3333,0.4821
2024-08-16,0.6587,0.5923
2024-08-19,0.6175,0.6056
2024-08-20,0.8725,0.6056
2024-08-21,0.8725,0.6242
2024-08-22,0.8393,0.6507
2024-08-23,0.838,0.4157
2024-08-26,0.9389,0.3705
2024-08-27,0.9429,0.3958
2024-08-28,0.8752,0.332
2024-08-29,0.8765,0.332
2024-08-30,0.8725,0.3201
2024-09-03,0.8818,0.3493
2024-09-04,0.741,0.2842
2024-09-05,0.745,0.3373
2024-09-06,0.5551,0.4329
2024-09-09,0.6308,0.2603
2024-09-10,0.7238,0.2722
2024-09-11,0.7902,0.2563
2024-09-12,0.8234,0.3971
2024-09-13,0.761,0.3147
2024-09-16,0.8074,0.3121
2024-09-17,0.8074,0.3161
2024-09-18,0.8566,0.3174
2024-09-19,0.7795,0.3825
2024-09-20,0.9814,0.3254
2024-09-23,0.9376,0.2961
2024-09-24,0.9947,0.3373
2024-09-25,0.9987,0.3121
2024-09-26,0.9814,0.332
2024-09-27,0.9894,0.4661
2024-09-30,0.9987,0.5498
2024-10-01,0.9987,0.4223
2024-10-02,0.992,0.51
2024-10-03,0.8858,0.5325
2024-10-04,0.7689,0.5538
2024-10-07,0.8247,0.5737
2024-10-08,0.9548,0.6467
2024-10-09,0.9695,0.5352
2024-10-10,0.9495,0.4329
2024-10-11,0.6135,0.3586
2024-10-14,0.753,0.5339
2024-10-15,0.8805,0.3931
2024-10-16,0.8858,0.3811
2024-10-17,0.992,0.3506
2024-10-18,0.9535,0.3015
2024-10-21,0.9947,0.2869
2024-10-22,0.9748,0.255
2024-10-23,0.911,0.6335
2024-10-24,0.6414,0.2696
2024-10-25,0.7756,0.3054
2024-10-28,0.4847,0.3147
2024-10-29,0.4993,0.2444
2024-10-30,0.6521,0.251
2024-10-31,0.8074,0.6507
2024-11-01,0.6096,0.3891
2024-11-04,0.8074,0.3147
2024-11-05,0.2895,0.2789
2024-11-06,0.2656,0.8406
2024-11-07,0.4568,0.166
2024-11-08,0.4382,0.324
2024-11-11,0.2829,0.4861
2024-11-12,0.328,0.1806
2024-11-13,0.4542,0.2284
2024-11-14,0.741,0.1089
2024-11-15,0.3307,0.1726
2024-11-18,0.5033,0.2284
2024-11-19,0.425,0.2483
2024-11-20,0.3479,0.3798
2024-11-21,0.3174,0.3811
2024-11-22,0.3413,0.4024
2024-11-25,0.4993,0.502
2024-11-26,0.5458,0.1873
2024-11-27,0.2297,0.2231
2024-11-29,0.3001,0.3068
2024-12-02,0.3413,0.2563
2024-12-03,0.3214,0.2297
2024-12-04,0.2112,0.2483
2024-12-05,0.2271,0.2669
2024-12-06,0.178,0.2603
2024-12-09,0.5139,0.332
2024-12-10,0.1952,0.3254
2024-12-11,0.1833,0.255
2024-12-12,0.2497,0.1819
2024-12-13,0.178,0.1062
2024-12-16,0.174,0.0969
2024-12-17,0.1939,0.0863
2024-12-18,0.4436,0.1142
2024-12-19,0.3705,0.1049
2024-12-20,0.1633,0.2483
2024-12-23,0.3333,0.1514
2024-12-24,0.2138,0.3201
2024-12-26,0.2244,0.3147
2024-12-27,0.1633,0.1952
2024-12-30,0.1952,0.3147
2024-12-31,0.2297,0.5564
2025-01-02,0.6591,0.4887
2025-01-03,0.8096,0.6791
2025-01-06,0.7124,0.6485
2025-01-07,0.9174,0.5899
2025-01-08,0.8575,0.6631
2025-01-10,0.7949,0.5819
2025-01-13,0.8495,0.7364
2025-01-14,0.6964,0.5539
2025-01-15,0.7364,0.5553
2025-01-16,0.8402,0.5979
2025-01-17,0.7204,0.723
2025-01-21,0.8202,0.5366
2025-01-22,0.9121,0.6711
2025-01-23,0.9134,0.6937
2025-01-24,0.8589,0.5979
2025-01-27,0.9401,0.7164
2025-01-28,0.8828,0.5686
2025-01-29,0.8096,0.6272
2025-01-30,0.8908,0.514
2025-01-31,0.9494,0.5752
2025-02-03,0.9214,0.5553
2025-02-04,0.9294,0.5366
2025-02-05,0.9254,0.5859
2025-02-06,0.8708,0.6684
2025-02-07,0.9028,0.6245
2025-02-10,0.8123,0.5406
2025-02-11,0.8628,0.6485
2025-02-12,0.7257,0.6285
2025-02-13,0.7364,0.5885
2025-02-14,0.6924,0.715
2025-02-18,0.779,0.5646
2025-02-19,0.6338,0.6711
2025-02-20,0.6391,0.6711
2025-02-21,0.7443,0.6738
2025-02-24,0.6684,0.6631
2025-02-25,0.6445,0.7364
2025-02-26,0.5872,0.6738
2025-02-27,0.5579,0.7017
2025-02-28,0.5393,0.6791
2025-03-03,0.5499,0.5646
2025-03-04,0.5606,0.6245
2025-03-05,0.5499,0.6858
2025-03-06,0.6431,0.727
2025-03-07,0.6511,0.6858
2025-03-10,0.5632,0.7244
2025-03-11,0.4101,0.5846
2025-03-12,0.5113,0.6698
2025-03-13,0.522,0.5553
2025-03-14,0.3782,0.7364
2025-03-17,0.4874,0.6738
2025-03-18,0.5193,0.6551
2025-03-19,0.3995,0.719
2025-03-20,0.5233,0.763
2025-03-21,0.4621,0.7949
2025-03-24,0.3901,0.7537
2025-03-25,0.5606,0.6778
2025-03-26,0.6072,0.7523
2025-03-27,0.5606,0.6245
2025-03-28,0.6005,0.7164
2025-03-31,0.5499,0.6711
2025-04-01,0.3955,0.7736
2025-04-02,0.4794,0.7523
2025-04-03,0.5619,0.779
2025-04-04,0.4101,0.7723
2025-04-07,0.5113,0.7097
2025-04-08,0.3862,0.5939
2025-04-09,0.3222,0.4487
2025-04-10,0.4301,0.5366
2025-04-11,0.3356,0.5832
2025-04-14,0.3928,0.6831
2025-04-15,0.4567,0.6405
2025-04-16,0.4221,0.5193
2025-04-17,0.4101,0.6738
2025-04-21,0.3995,0.5539
2025-04-22,0.4154,0.7057
2025-04-23,0.53,0.6778
2025-04-24,0.5699,0.5859
2025-04-25,0.5606,0.6738
2025-04-28,0.6085,0.5979
2025-04-29,0.5979,0.6764
2025-04-30,0.6285,0.6711
2025-05-01,0.5619,0.6711
2025-05-02,0.5832,0.5912
2025-05-05,0.6138,0.5153
2025-05-06,0.5846,0.5792
2025-05-07,0.5979,0.7617
2025-05-08,0.5632,0.727
2025-05-09,0.6005,0.6272
2025-05-12,0.6152,0.6844
2025-05-13,0.5752,0.5712
2025-05-14,0.6125,0.6298
2025-05-15,0.5792,0.5366
2025-05-16,0.5739,0.6272
2025-05-19,0.5739,0.5486
2025-05-20,0.5819,0.5433
2025-05-21,0.5712,0.6378
2025-05-22,0.5632,0.715
2025-05-23,0.6019,0.5606
2025-05-27,0.5779,0.743
2025-05-28,0.5992,0.6724
2025-05-29,0.5846,0.6551
2025-05-30,0.6005,0.727
2025-06-02,0.6019,0.5792
2025-06-03,0.5699,0.7696
2025-06-04,0.6245,0.6724
2025-06-05,0.6205,0.6858
2025-06-06,0.5606,0.6991
2025-06-09,0.5393,0.6485
2025-06-10,0.5885,0.6644
2025-06-11,0.6245,0.6738
2025-06-12,0.6298,0.6272
2025-06-13,0.6378,0.6591
2025-06-16,0.5606,0.719
2025-06-17,0.6391,0.6738
2025-06-18,0.6045,0.6791
2025-06-20,0.5846,0.6618
2025-06-23,0.5779,0.6431
2025-06-24,0.5579,0.6764
2025-06-25,0.5859,0.5859
2025-06-26,0.6511,0.6059
2025-06-27,0.6884,0.6125
2025-06-30,0.6378,0.5126
2025-07-01,0.715,0.5366
2025-07-02,0.5739,0.5486
2025-07-03,0.7164,0.5766
2025-07-07,0.739,0.5366
2025-07-08,0.6831,0.5193
2025-07-09,0.6165,0.47
2025-07-10,0.6378,0.4314
2025-07-11,0.6019,0.4101
2025-07-14,0.6751,0.4128
2025-07-15,0.7923,0.3941
2025-07-16,0.6591,0.3848
2025-07-17,0.7017,0.4021
2025-07-18,0.7257,0.3848
2025-07-21,0.7057,0.3848
2025-07-22,0.6418,0.4128
2025-07-23,0.6964,0.4261
2025-07-24,0.6698,0.4248
2025-07-25,0.7257,0.4208
2025-07-28,0.6525,0.4181
2025-07-29,0.7284,0.4221
2025-07-30,0.7204,0.4261
2025-07-31,0.7071,0.3995
2025-08-01,0.7124,0.3848
2025-08-04,0.6405,0.4314
2025-08-05,0.7377,0.4394
2025-08-06,0.6684,0.4314
2025-08-07,0.6684,0.4288
2025-08-08,0.7483,0.466
2025-08-11,0.6431,0.4554
2025-08-12,0.6884,0.4314
2025-08-13,0.6511,0.4301
2025-08-14,0.755,0.4288
2025-08-15,0.7057,0.4101
2025-08-18,0.7017,0.4101
2025-08-19,0.7377,0.3782
2025-08-20,0.6312,0.3529
2025-08-21,0.6764,0.3835
2025-08-22,0.5832,0.3782
2025-08-25,0.7017,0.4168
2025-08-26,0.6511,0.4274
2025-08-27,0.6751,0.4407
2025-08-28,0.7497,0.4674
2025-08-29,0.7723,0.4847
2025-09-02,0.6165,0.4501
2025-09-03,0.6605,0.51
2025-09-04,0.759,0.5366
2025-09-05,0.6365,0.5233
2025-09-08,0.6858,0.5553
2025-09-09,0.779,0.6218
2025-09-10,0.6365,0.6365
2025-09-11,0.6977,0.6724
2025-09-12,0.6538,0.6711
2025-09-15,0.8189,0.6551
2025-09-16,0.6991,0.7084
2025-09-17,0.8362,0.7457
2025-09-18,0.7057,0.7443
2025-09-19,0.8535,0.6764
2025-09-22,0.8535,0.6711
2025-09-23,0.6964,0.7617
2025-09-24,0.6511,0.8256
2025-09-25,0.7936,0.7643
2025-09-26,0.6698,0.7457
2025-09-29,0.5632,0.6751
2025-09-30,0.8056,0.739
2025-10-01,0.6391,0.7896
2025-10-02,0.6391,0.8216
2025-10-03,0.7217,0.7603
2025-10-06,0.6804,0.6858
2025-10-07,0.8096,0.8016
2025-10-08,0.6884,0.7337
2025-10-09,0.7257,0.8961
2025-10-10,0.7324,0.767
2025-10-13,0.6551,0.6738
2025-10-14,0.6804,0.7989
2025-10-15,0.6391,0.7337
2025-10-16,0.6285,0.6977
2025-10-17,0.5699,0.9081
2025-10-20,0.474,0.6405
2025-10-21,0.5619,0.8336
2025-10-22,0.5606,0.7577
2025-10-23,0.4847,0.7617
2025-10-24,0.5499,0.8083
2025-10-27,0.518,0.8575
2025-10-28,0.5885,0.779
2025-10-29,0.5792,0.7723
2025-10-30,0.526,0.6738
2025-10-31,0.3862,0.8389
2025-11-03,0.4541,0.7883
2025-11-04,0.3928,0.8336
2025-11-05,0.3222,0.6991
2025-11-06,0.3409,0.8016
2025-11-07,0.3182,0.7723
2025-11-10,0.3182,0.6764
2025-11-11,0.3289,0.8336
2025-11-12,0.3209,0.7696
2025-11-13,0.3129,0.8961
2025-11-14,0.3063,0.8935
2025-11-17,0.2969,0.8748
2025-11-18,0.2543,0.7364
2025-11-19,0.2943,0.8455
2025-11-20,0.2863,0.8655
2025-11-21,0.253,0.8495
2025-11-24,0.1758,0.7643
2025-11-25,0.2383,0.8988
2025-11-26,0.1571,0.8482
2025-11-28,0.1798,0.8429
2025-12-01,0.2969,0.8802
2025-12-02,0.1571,0.9268
2025-12-03,0.1438,0.9001
2025-12-04,0.2024,0.9055
2025-12-05,0.257,0.9108
2025-12-08,0.0852,0.9108
2025-12-09,0.0839,0.8802
2025-12-10,0.1318,0.8575
2025-12-11,0.1611,0.8056
2025-12-12,0.1971,0.8229
2025-12-15,0.2836,0.8642
2025-12-16,0.0546,0.8802
2025-12-17,0.2024,0.8362
2025-12-18,0.1505,0.8868
2025-12-19,0.0839,0.8668
2025-12-22,0.1491,0.7403
2025-12-23,0.2157,0.8016
2025-12-24,0.1145,0.8748
2025-12-26,0.1278,0.8016
2025-12-29,0.1278,0.8349
2025-12-30,0.0759,0.7217
2025-12-31,0.2117,0.7443
2026-01-02,0.0187,0.6747
2026-01-05,0.0307,0.5773
2026-01-06,0.036,0.6907
2026-01-07,0.036,0.7813
2026-01-08,0.024,0.7067
2026-01-09,0.0267,0.7027
2026-01-12,0.012,0.6747
2026-01-13,0.0267,0.7787
2026-01-14,0.036,0.7187
2026-01-15,0.0493,0.8093
2026-01-16,0.0387,0.7893
2026-01-20,0.0507,0.5773
2026-01-21,0.0307,0.7173
2026-01-22,0.028,0.732
2026-01-23,0.0107,0.7893
2026-01-26,0.0333,0.8093
2026-01-27,0.008,0.7947
2026-01-28,0.024,0.7307
2026-01-29,0.044,0.9413
2026-01-30,0.0013,0.8147
2026-02-02,0.04,0.7067
2026-02-03,0.012,0.4693
2026-02-04,0.028,0.7067
2026-02-05,0.0453,0.7587
2026-02-06,0.0,0.624
2026-02-09,0.0,0.68
2026-02-10,0.0093,0.8147
2026-02-11,0.0053,0.732
2026-02-12,0.008,0.8333
2026-02-13,0.0,0.6693
2026-02-17,0.0,0.8387
2026-02-18,0.0,0.6867
2026-02-19,0.0,0.7893
2026-02-20,0.0,0.7027
2026-02-23,0.008,0.7013
2026-02-24,0.0,0.8507
2026-02-25,0.0,0.7947
2026-02-26,0.0,0.7307
2026-02-27,0.0,0.6947
2026-03-02,0.0,0.7107
2026-03-03,0.0,0.9107
2026-03-04,0.0,0.7787
2026-03-05,0.004,0.804
2026-03-06,0.0187,0.7013
2026-03-09,0.0053,0.8293
2026-03-10,0.0,0.7453
2026-03-11,0.0,0.8133
2026-03-12,0.0053,0.8467
2026-03-13,0.008,0.7893
2026-03-16,0.028,0.7693
2026-03-17,0.0187,0.7453
2026-03-18,0.0373,0.8467
2026-03-19,0.0267,0.7307
2026-03-20,0.012,0.6293
2026-03-23,0.008,0.472
2026-03-24,0.0333,0.2533
2026-03-25,0.024,0.2013
2026-03-26,0.0307,0.3387
2026-03-27,0.032,0.1587
2026-03-30,0.0053,0.24
2026-03-31,0.0,0.1653
2026-04-01,0.008,0.292
2026-04-02,0.008,0.5547
2026-04-06,0.0027,0.4693
2026-04-07,0.0307,0.3453
2026-04-08,0.0187,0.4333
2026-04-09,0.0267,0.468
2026-04-10,0.028,0.576
2026-04-13,0.032,0.636
2026-04-14,0.0333,0.4027
2026-04-15,0.0307,0.7613
2026-04-16,0.036,0.6653
2026-04-17,0.0387,0.6
2026-04-20,0.0467,0.9093
2026-04-21,0.0453,0.964
2026-04-22,0.044,0.544
2026-04-23,0.0493,0.9493
2026-04-24,0.0467,0.6853
2026-04-27,0.0507,0.8653
2026-04-28,0.0507,0.6853
2026-04-29,0.0507,0.4587
2026-04-30,0.0493,0.1947
2026-05-01,0.0507,0.4027
2026-05-04,0.0533,0.48
2026-05-05,0.0533,0.2133
2026-05-06,0.0653,0.1307
2026-05-07,0.076,0.476
2026-05-08,0.064,0.4
2026-05-11,0.0533,0.464
2026-05-12,0.0707,0.5493
2026-05-13,0.0653,0.34
2026-05-14,0.0533,0.3667
2026-05-15,0.076,0.2267
2026-05-18,0.064,0.1587
2026-05-19,0.0533,0.1667
2026-05-20,0.052,0.1093
2026-05-21,0.0507,0.14
2026-05-22,0.06,0.1173
2026-05-26,0.0507,0.08
2026-05-27,0.0507,0.08
2026-05-28,0.0507,0.0573
2026-05-29,0.0453,0.0627
2026-06-01,0.0493,0.0733
2026-06-02,0.0507,0.0533
2026-06-03,0.0413,0.0587
2026-06-04,0.0387,0.0453
2026-06-05,0.044,0.048
2026-06-08,0.0147,0.024
2026-06-09,0.036,0.032
2026-06-10,0.0227,0.032
2026-06-11,0.0053,0.008
2026-06-12,0.0147,0.012
2026-06-15,0.0053,0.008
2026-06-16,0.02,0.0107
2026-06-17,0.0267,0.0147
2026-06-18,0.0227,0.0093
2026-06-22,0.0,0.0093
2026-06-23,0.032,0.012
2026-06-24,0.036,0.012
2026-06-25,0.0093,0.0027
2026-06-26,0.0,0.0027
2026-06-29,0.0,0.008
2026-06-30,0.024,0.0053
2026-07-01,0.0,0.0053
2026-07-02,0.0,0.0027
2026-07-06,0.004,0.0053
2026-07-07,0.0187,0.0093
2026-07-08,0.0387,0.0093
2026-07-09,0.0133,0.0067
2026-07-10,0.028,0.0093
2026-07-13,0.0387,0.0227
2026-07-14,0.024,0.0027
2026-07-15,0.0307,0.008
2026-07-16,0.0333,0.0107
2026-07-17,0.0307,0.0027
2026-07-20,0.0333,0.0067
2026-07-21,0.036,0.0027
2026-07-22,0.0387,0.0027
2026-07-23,0.0453,0.012
2026-07-24,0.0453,0.008
2026-07-27,0.0453,0.008
2026-07-28,0.0467,0.012
2026-07-29,0.044,0.008
2026-07-30,0.044,0.008
2026-07-31,0.048,0.012
2026-08-03,0.036,0.008
2026-08-04,0.036,0.0027
2026-08-05,0.036,0.0093
2026-08-06,0.044,0.0147
2026-08-07,0.036,0.0147
2026-08-10,0.0387,0.0293
2026-08-11,0.0387,0.04
2026-08-12,0.0307,0.04
2026-08-13,0.028,0.048
2026-08-14,0.0307,0.048
2026-08-17,0.0227,0.048
2026-08-18,0.0147,0.0613
2026-08-19,0.036,0.0427
2026-08-20,0.0467,0.068
2026-08-21,0.056,0.0733
2026-08-24,0.104,0.108
2026-08-25,0.1413,0.14
2026-08-26,0.1533,0.1573
2026-08-27,0.1533,0.1373
2026-08-28,0.1973,0.0827
2026-08-31,0.1533,0.0733
2026-09-01,0.2093,0.0627
2026-09-02,0.152,0.048
2026-09-03,0.1027,0.0467
2026-09-04,0.264,0.052
2026-09-08,0.2453,0.0413
2026-09-09,0.2147,0.032
2026-09-10,0.24,0.0387
2026-09-11,0.1987,0.024
2026-09-14,0.156,0.0333
2026-09-15,0.2507,0.0147
2026-09-16,0.1587,0.0133
2026-09-17,0.1533,0.0173
2026-09-18,0.0827,0.024
2026-09-21,0.0987,0.0333
2026-09-22,0.2453,0.0267
2026-09-23,0.264,0.0347
2026-09-24,0.2187,0.012
2026-09-25,0.2453,0.0147
2026-09-28,0.264,0.0347
