class,class_name,dataset,path,format,rows,files,first,last,bytes,in_git,source,used_by
1,Share prices,NSE daily equity files,data/raw/nse/cash,folder of daily ZIP (CSV inside),,2663,2016-01-01,2026-09-30,257323360,no,NSE daily equity files (bhavcopy),Max strategy (its momentum ranking)
1,Share prices,"Share prices, every EQ-series instrument",data/processed/stocks_eq.parquet,PARQUET,4585946,1,2016-01-01,2026-09-30,124464815,no,NSE daily equity files (bhavcopy),Max strategy (its momentum ranking)
2,ETF prices,"ETF daily prices, as published",data/processed/nse_etf_daily.csv,CSV,28200,1,2010-04-01,2026-09-30,2809728,yes,"NSE daily equity files from 2016, the NSE website's history for 2010 to 2015; Yahoo as a cross-check only","Max strategy, LSTM model, calculator"
2,ETF prices,"ETF daily prices, adjusted for splits",data/processed/etf_daily_adjusted.csv,CSV,28200,1,2010-04-01,2026-09-30,3812621,yes,"NSE daily equity files from 2016, the NSE website's history for 2010 to 2015; Yahoo as a cross-check only","Max strategy, LSTM model, calculator"
2,ETF prices,"NSE website history, 2010 to 2016 (its index and futures rows too)",data/raw/nse_web,folder of JSON,,3,,,10541728,no,"NSE daily equity files from 2016, the NSE website's history for 2010 to 2015; Yahoo as a cross-check only","Max strategy, LSTM model, calculator"
2,ETF prices,"Nifty 50 ETF from Yahoo, a cross-check only",data/processed/NIFTYBEES.csv,CSV,4374,1,2009-01-02,2026-09-30,105100,yes,"NSE daily equity files from 2016, the NSE website's history for 2010 to 2015; Yahoo as a cross-check only","Max strategy, LSTM model, calculator"
2,ETF prices,"Yahoo download, as received",data/raw/yahoo_NIFTYBEES.NS_20260930.json,JSON,,1,,,451310,no,"NSE daily equity files from 2016, the NSE website's history for 2010 to 2015; Yahoo as a cross-check only","Max strategy, LSTM model, calculator"
2,ETF prices,"Notes on the Yahoo series (split, payouts, hashes)",data/manifest.json,JSON,,1,,,1837,yes,"NSE daily equity files from 2016, the NSE website's history for 2010 to 2015; Yahoo as a cross-check only","Max strategy, LSTM model, calculator"
2,ETF prices,Bad Yahoo prints left out,data/corrections.json,JSON,,1,,,1314,yes,"NSE daily equity files from 2016, the NSE website's history for 2010 to 2015; Yahoo as a cross-check only","Max strategy, LSTM model, calculator"
2,ETF prices,Nifty 50 ETF payout of 2012,data/processed/NIFTYBEES_dividends.csv,CSV,1,1,2012-03-12,2012-03-12,35,yes,"NSE daily equity files from 2016, the NSE website's history for 2010 to 2015; Yahoo as a cross-check only","Max strategy, LSTM model, calculator"
3,Index levels and valuation,NSE daily index files,data/raw/nse/index,folder of daily CSV,,3517,2012-07-02,2026-09-30,29009187,no,"NSE daily index files from 2012, the NSE website's history before","LSTM model (India VIX, P/E, P/B), research"
3,Index levels and valuation,Index daily levels and valuation,data/processed/nse_index_daily.csv,CSV,19822,1,2010-04-01,2026-09-30,1759420,yes,"NSE daily index files from 2012, the NSE website's history before","LSTM model (India VIX, P/E, P/B), research"
4,Mutual fund values,AMFI scheme histories,data/raw/amfi,folder of JSON,,29,,,4007208,no,"AMFI, through api.mfapi.in","Liquid fund for Max and the LSTM, the calculator's funds"
4,Mutual fund values,"Fund NAVs, daily, as published",data/processed/amfi_nav_daily.csv,CSV,100305,1,2006-04-02,2026-09-30,2794894,yes,"AMFI, through api.mfapi.in","Liquid fund for Max and the LSTM, the calculator's funds"
4,Mutual fund values,"Fund NAVs, adjusted for unit changes",data/processed/amfi_nav_adjusted.csv,CSV,100305,1,2006-04-02,2026-09-30,4010929,yes,"AMFI, through api.mfapi.in","Liquid fund for Max and the LSTM, the calculator's funds"
4,Mutual fund values,Scheme list,data/amfi_schemes.csv,CSV,29,1,,,7083,yes,"AMFI, through api.mfapi.in","Liquid fund for Max and the LSTM, the calculator's funds"
4,Mutual fund values,Unit changes,data/nav_units.csv,CSV,10,1,2012-08-05,2022-01-10,2049,yes,"AMFI, through api.mfapi.in","Liquid fund for Max and the LSTM, the calculator's funds"
5,Index futures,NSE daily derivatives files,data/raw/nse/fo,folder of daily ZIP (CSV inside),,2662,2016-01-01,2026-09-30,1808806340,no,"NSE daily derivatives (F&O) files from 2016, the NSE website's history for 2010 to 2015","Research (futures for leverage, rejected)"
5,Index futures,"Index futures, daily",data/processed/nse_index_futures_daily.csv,CSV,24564,1,2010-04-01,2026-09-30,2941786,yes,"NSE daily derivatives (F&O) files from 2016, the NSE website's history for 2010 to 2015","Research (futures for leverage, rejected)"
5,Index futures,Contract re-dates,data/contract_redates.csv,CSV,2,1,,,1201,yes,"NSE daily derivatives (F&O) files from 2016, the NSE website's history for 2010 to 2015","Research (futures for leverage, rejected)"
6,Index options,"Nifty options, daily",data/processed/nifty_options.parquet,PARQUET,5655622,1,2016-01-01,2026-09-30,56169682,no,NSE daily derivatives (F&O) files,"Research (covered calls, insurance puts, the intraday option book)"
6,Index options,"Bank Nifty options, daily",data/processed/banknifty_options.parquet,PARQUET,3448681,1,2016-01-01,2026-09-30,40407894,no,NSE daily derivatives (F&O) files,"Research (covered calls, insurance puts, the intraday option book)"
6,Index options,Lot sizes,data/lot_sizes.csv,CSV,411,1,,,15049,yes,NSE daily derivatives (F&O) files,"Research (covered calls, insurance puts, the intraday option book)"
7,Minute prices,"Nifty 50, one minute",data/raw/minute/nifty50_minute.csv,CSV,1048738,1,2015-01-09,2026-05-15,57649448,no,Kaggle dataset debashis74017/nifty-50-minute-data,Intraday research (the Fyers automations)
7,Minute prices,"Nifty Bank, one minute",data/raw/minute/banknifty_minute.csv,CSV,1048705,1,2015-01-09,2026-05-15,58726089,no,Kaggle dataset debashis74017/nifty-50-minute-data,Intraday research (the Fyers automations)
7,Minute prices,"Nifty Financial Services, one minute",data/raw/minute/finnifty_minute.csv,CSV,1048375,1,2015-01-09,2026-05-15,57667847,no,Kaggle dataset debashis74017/nifty-50-minute-data,Intraday research (the Fyers automations)
7,Minute prices,"India VIX, one minute",data/raw/minute/vix_minute.csv,CSV,1048338,1,2015-01-09,2026-05-15,47771659,no,Kaggle dataset debashis74017/nifty-50-minute-data,Intraday research (the Fyers automations)
7,Minute prices,"Nifty option days: minute paths, each strike's volatility",data/processed/intraday_days.npz,"NumPy arrays, a row a day",2558,1,2016-01-01,2026-05-15,10706781,no,Kaggle dataset debashis74017/nifty-50-minute-data,Intraday research (the Fyers automations)
7,Minute prices,Bank Nifty option days: the same,data/processed/intraday_days_BANKNIFTY.npz,"NumPy arrays, a row a day",2558,1,2016-01-01,2026-05-15,10924536,no,Kaggle dataset debashis74017/nifty-50-minute-data,Intraday research (the Fyers automations)
7,Minute prices,"Nifty option prices each minute, modelled",data/processed/intraday_paths.npy,"NumPy array, a row a day",2558,1,,,314634128,no,Kaggle dataset debashis74017/nifty-50-minute-data,Intraday research (the Fyers automations)
7,Minute prices,"Bank Nifty option prices each minute, modelled",data/processed/intraday_paths_BANKNIFTY.npy,"NumPy array, a row a day",2558,1,,,314634128,no,Kaggle dataset debashis74017/nifty-50-minute-data,Intraday research (the Fyers automations)
8,Reference data,"Every NSE daily file asked for, with its status",data/nse_days.csv,CSV,13057,1,2012-07-01,2026-09-30,1944712,yes,Built while downloading and checking,Data cleaning and checks
8,Reference data,NSE website files collected,data/nse_web_files.csv,CSV,3,1,,,837,yes,Built while downloading and checking,Data cleaning and checks
8,Reference data,ETF unit splits,data/corporate_actions.csv,CSV,4,1,2019-12-19,2021-06-17,1223,yes,Built while downloading and checking,Data cleaning and checks
8,Reference data,Data quality report,data/gaps.md,Markdown,,1,,,7907,yes,Built while downloading and checking,Data cleaning and checks
9,Tax and charge rules,Dated tax and charge tables,rules,TOML tables,197,25,2010-04-01,2026-10-02,133583,yes,"Income Tax Act, Finance Acts, CBDT, NSE, SEBI, Fyers (rules/SOURCES.md)",The engine: every charge and tax of every model
