cut,eligible,s0,s0_growth,s0_maxdd,s0_eligible,best,best_growth,best_maxdd,diff,se,margin,decision,reason,picked,family
2013-04-01,6,S0|cap=0.3|band=0.01,0.07113864867,0.09598244764,True,S0|cap=0.3|band=0.01,0.07113864867,0.09598244764,,,1,S0,S0 is the best eligible strategy,S0|cap=0.3|band=0.01,S0
2014-04-01,6,S0|cap=0.3|band=0.01,0.1016692303,0.1299335934,True,S0|cap=0.3|band=0.01,0.1016692303,0.1299335934,,,1,S0,S0 is the best eligible strategy,S0|cap=0.3|band=0.01,S0
2015-04-01,6,S0|cap=0.3|band=0.01,0.1358966559,0.1299335934,True,S0|cap=0.3|band=0.01,0.1358966559,0.1299335934,,,1,S0,S0 is the best eligible strategy,S0|cap=0.3|band=0.01,S0
2016-04-01,6,S0|cap=0.3|band=0.01,0.08822884113,0.2039472727,True,"E1|equal-weight,rebalance=year|band=0.01",0.1000400798,0.1065891052,0.01201324321,0.03286405661,1,S0,the edge over S0 (0.0120 a year) is not more than 1 standard error (0.0329),S0|cap=0.3|band=0.01,S0
2017-04-03,6,S0|cap=0.3|band=0.01,0.1002833375,0.2039472727,True,"E1|equal-weight,rebalance=year|band=0.01",0.1177405673,0.1065891052,0.0173000997,0.02945279195,1,S0,the edge over S0 (0.0173 a year) is not more than 1 standard error (0.0295),S0|cap=0.3|band=0.01,S0
2018-04-02,6,S0|cap=0.3|band=0.01,0.1020200373,0.2039472727,True,"E1|equal-weight,rebalance=year|band=0.01",0.1190941853,0.1065891052,0.0176044645,0.02600908824,1,S0,the edge over S0 (0.0176 a year) is not more than 1 standard error (0.0260),S0|cap=0.3|band=0.01,S0
2019-04-01,6,S0|cap=0.3|band=0.01,0.1069948238,0.2039472727,True,"E1|equal-weight,rebalance=year|band=0.01",0.1107684139,0.1065891052,0.004518016021,0.02586765336,1,S0,the edge over S0 (0.0045 a year) is not more than 1 standard error (0.0259),S0|cap=0.3|band=0.01,S0
2020-04-01,6,S0|cap=0.3|band=0.01,0.07076525028,0.25977787,True,"E1|equal-weight,rebalance=year|band=0.01",0.08560881653,0.2239449515,0.01586125692,0.0238151457,1,S0,the edge over S0 (0.0159 a year) is not more than 1 standard error (0.0238),S0|cap=0.3|band=0.01,S0
2021-04-01,6,S0|cap=0.3|band=0.01,0.07947512391,0.25977787,True,"E1|equal-weight,rebalance=year|band=0.01",0.110084543,0.2239449515,0.03183918332,0.02409963058,1,picked,"beats S0 by 0.0318 a year, more than 1 standard error (0.0241)","E1|equal-weight,rebalance=year|band=0.01",E1
2022-04-01,6,S0|cap=0.3|band=0.01,0.08575479226,0.25977787,True,"E1|equal-weight,rebalance=year|band=0.01",0.1136891337,0.2239449515,0.02871595593,0.02137216327,1,picked,"beats S0 by 0.0287 a year, more than 1 standard error (0.0214)","E1|equal-weight,rebalance=year|band=0.01",E1
2023-04-03,6,S0|cap=0.3|band=0.01,0.08031399656,0.25977787,True,"E1|equal-weight,rebalance=year|band=0.01",0.1062047569,0.2239449515,0.02633560427,0.01979236185,1,picked,"beats S0 by 0.0263 a year, more than 1 standard error (0.0198)","E1|equal-weight,rebalance=year|band=0.01",E1
2024-04-01,6,S0|cap=0.3|band=0.01,0.09080059051,0.25977787,True,"E1|equal-weight,rebalance=year|band=0.01",0.119710673,0.2239449515,0.02945745582,0.01806174382,1,picked,"beats S0 by 0.0295 a year, more than 1 standard error (0.0181)","E1|equal-weight,rebalance=year|band=0.01",E1
2025-04-01,6,S0|cap=0.3|band=0.01,0.08902229466,0.25977787,True,"E1|equal-weight,rebalance=year|band=0.01",0.1196813139,0.2239449515,0.03122335353,0.01730621969,1,picked,"beats S0 by 0.0312 a year, more than 1 standard error (0.0173)","E1|equal-weight,rebalance=year|band=0.01",E1
2026-04-01,6,S0|cap=0.3|band=0.01,0.08092603175,0.25977787,True,"E1|equal-weight,rebalance=year|band=0.01",0.1184654685,0.2239449515,0.03814535014,0.01826528463,1,picked,"beats S0 by 0.0381 a year, more than 1 standard error (0.0183)","E1|equal-weight,rebalance=year|band=0.01",E1
