code,label,name,isin,rows,first,last,bytes,sha256,url,retrieved
100835,"Kotak Liquid fund, regular",Kotak Liquid Fund - Regular Plan - Growth,INF174K01NI9,6247,2006-04-02,2026-09-29,252300,a088619362c5cad777e328433defc9d8026b4d3118ffdd002c59c7e81e0bb3b4,https://api.mfapi.in/mf/100835,2026-09-30
100851,"Nippon India Liquid fund, regular",Nippon India Liquid Fund - Regular Plan - Growth Option,INF204K01UN9,6335,2006-04-02,2026-09-29,256179,d439d48ca631852225f1c0ecc6258c80c6e201d270764fc8bc3436c33d64607e,https://api.mfapi.in/mf/100851,2026-09-30
101296,"Bank BeES ETF, old code",Banking Index Benchmark Exchange Traded Scheme (Bank BeES),,1275,2006-06-19,2011-08-18,51572,5662a8eb3e90170b639e4613a87e0a791378e5cd11d54a9f35d5c3a6cfa86135,https://api.mfapi.in/mf/101296,2026-09-30
101325,"Nifty BeES ETF, old code (to 2011-08-18)",Nifty Benchmark Exchange Traded Scheme- Nifty BeES,,1275,2006-06-19,2011-08-18,51273,58ad59f544f9d6d1af79904e312fbb6afe99b236a59f82d8507e9286a324e231,https://api.mfapi.in/mf/101325,2026-09-30
101349,"ICICI Prudential Nifty 50 index fund, regular",ICICI Prudential Nifty 50 Index Fund - Regular Plan - Cumulative,INF109K01PI0,5046,2006-04-02,2026-09-29,199176,6389d36aeb3fa11d53122d4ea97adb687d38ca70943a3514de77cb90e22b8c54,https://api.mfapi.in/mf/101349,2026-09-30
101525,"HDFC Nifty 50 index fund, regular",HDFC Nifty 50 Index Fund - Regular Plan - Growth Option,INF179K01KZ8,5045,2006-04-03,2026-09-29,198862,787cce180a9f1ee25b48b2f73160d476f33583b6175570d16902912c32ff3843,https://api.mfapi.in/mf/101525,2026-09-30
101621,"Junior BeES ETF, old code",Nifty Junior Benchmark Exchange Traded Scheme (Junior BeES),,1275,2006-06-19,2011-08-18,50513,ec87170725a1c8ef533c5932488b30ba7176753ffecfda93d83c884f20b6f097,https://api.mfapi.in/mf/101621,2026-09-30
101884,"Liquid BeES ETF, old code",Liquid Benchmark Exchange Traded Scheme (Liquid BeES),,1264,2006-06-19,2011-08-18,52100,24b8faa35907586f7fc87f4512ec2765033dfda48b4d98ff5bbe94152f92a082,https://api.mfapi.in/mf/101884,2026-09-30
104457,"SBI Arbitrage fund, regular",SBI Arbitrage Fund - Regular Plan - Growth,INF200K01156,4886,2006-11-08,2026-09-29,190848,b7e8d6ca825128ce4ce0d0b076d60fc6860aa69f2a7c9e35076f253df6cc2c1d,https://api.mfapi.in/mf/104457,2026-09-30
105085,"Gold BeES ETF, old code",Gold Benchmark Exchange Traded Scheme (Gold BeES),,1092,2007-03-16,2011-08-18,44890,41d29dcc19d22dfb606c5520d0358a449176fb5b93dc789ee837eeca6bf6a6fd,https://api.mfapi.in/mf/105085,2026-09-30
107693,Quantum Gold ETF,Quantum Gold ETF,INF082J01408,4574,2008-02-27,2026-09-29,184943,29ac2f93b634064e5774250fd1e6777e7390224f1f5df605801129bb6e01545c,https://api.mfapi.in/mf/107693,2026-09-30
111954,SBI Gold ETF,SBI Gold ETF - Regular Plan - Growth,INF200KA16D8,4243,2009-05-27,2026-09-29,172160,63d957fd442b976210d632a9d184d2d6b69de4edf2153cd0ac9f559bd9d78698,https://api.mfapi.in/mf/111954,2026-09-30
112957,"ICICI Prudential Nifty Next 50 index fund, regular",ICICI Prudential Nifty Next 50 Index Fund - Regular Plan - Growth,INF109K01IF1,4005,2010-06-29,2026-09-29,156042,d634882a9381ef0967fbdd7f9f5a4dbcef016ecb5f5318ac2ac5ea5661b01e6f,https://api.mfapi.in/mf/112957,2026-09-30
113049,HDFC Gold ETF,HDFC Gold ETF - Growth Option,INF179KC1981,3974,2010-08-16,2026-09-29,160687,d0eafe69a45aff5cc1ac6bd1d1486eedcdf4686fac3bd56fe356767c0a361ad8,https://api.mfapi.in/mf/113049,2026-09-30
113345,"Nippon India Arbitrage fund, regular",Nippon India Arbitrage Fund - Regular Plan - Growth Option,INF204K01IY1,3924,2010-10-20,2026-09-29,153354,582544f435ca575ff8b3633acce1bb707e74925b12ad938f71182c02839bfcd6,https://api.mfapi.in/mf/113345,2026-09-30
118585,"Nippon India Arbitrage fund, direct",Nippon India Arbitrage Fund - Direct Plan - Growth Option,INF204K01XZ7,3380,2013-01-03,2026-09-29,132137,afe5416a1272528bbf869d14244a3eb3d51b4b6b9d0e896e601c92642ea4e801,https://api.mfapi.in/mf/118585,2026-09-30
118701,"Nippon India Liquid fund, direct",Nippon India Liquid Fund - Direct Plan - Growth Option,INF204K01ZH0,4277,2013-01-01,2026-09-29,175666,fd4bc35d57f9e416ae5383ede3935da9fe803908a642b7cad97d286345ef1685,https://api.mfapi.in/mf/118701,2026-09-30
119063,"HDFC Nifty 50 index fund, direct",HDFC Nifty 50 Index Fund - Direct Plan - Growth Option,INF179K01WM1,3383,2013-01-01,2026-09-29,134075,2f49c40d16bde8fa46007b977c3b55ddafc927afd335ef01d83697bd675ec282,https://api.mfapi.in/mf/119063,2026-09-30
119574,"SBI Arbitrage fund, direct",SBI Arbitrage Fund - Direct Plan - Growth,INF200K01QU0,3383,2013-01-14,2026-09-29,132230,7144464bb4d560a3f17362460b22d98cfa559aa0ebf384544e6d2b803099c560,https://api.mfapi.in/mf/119574,2026-09-30
119766,"Kotak Liquid fund, direct",Kotak Liquid Fund - Direct Plan - Growth,INF174K01NE8,4192,2013-01-01,2026-09-29,172154,1f99c5572cdab81d25546a5cd0f7521337dcfc5b9e033a1263e253bd14d8fafb,https://api.mfapi.in/mf/119766,2026-09-30
120620,"ICICI Prudential Nifty 50 index fund, direct",ICICI Prudential Nifty 50 Index Fund - Direct Plan - Cumulative,INF109K012M7,3382,2013-01-02,2026-09-29,134345,9b6e729ec9461e7a6cdc1b7b32b4aafb78c03d21178265a99773e7b7686ea372,https://api.mfapi.in/mf/120620,2026-09-30
120684,"ICICI Prudential Nifty Next 50 index fund, direct",ICICI Prudential Nifty Next 50 Index Fund - Direct Plan - Growth,INF109K01Y80,3382,2013-01-02,2026-09-29,132170,e87c15ca53c2c3c40aaed32f43e57937e58c361124eb39dbb67c33b831535d4c,https://api.mfapi.in/mf/120684,2026-09-30
140084,"Nifty BeES ETF, new code (from 2016-11-07)",Nippon India ETF Nifty 50 BeES - Direct Plan,INF204KB14I2,2444,2016-11-07,2026-09-29,98616,6977d98d087eb896c8459cfe2c97d252156373c79f6967d8f8e03f6a9198e3b9,https://api.mfapi.in/mf/140084,2026-09-30
140085,"Junior BeES ETF, new code",Nippon India ETF Nifty Next 50 Junior BeES - Direct Plan,INF732E01045,2444,2016-11-07,2026-09-29,98072,faf45c433d0a610f2064a7d2efb130bfb9eb08cfbb8fcc0cd5d3215c119c0925,https://api.mfapi.in/mf/140085,2026-09-30
140086,"Liquid BeES ETF, new code",Nippon India ETF Nifty 1D Rate Liquid BeES - Direct Plan,INF732E01037,3014,2016-11-06,2026-09-29,123886,0918fc10ace1ebd02b50fe10ec8d31495b0edd1fbe967c41e4d0f31e1dc22fce,https://api.mfapi.in/mf/140086,2026-09-30
140087,"Bank BeES ETF, new code",Nippon India ETF Nifty Bank BeES - Direct Plan,INF204KB15I9,2444,2016-11-07,2026-09-29,98831,cca9d7c596bd15c05cad1afb452cf922e818c7bdc985cda12cd6edb2000abe0b,https://api.mfapi.in/mf/140087,2026-09-30
140088,"Gold BeES ETF, new code",Nippon India ETF Gold BeES - Direct Plan,INF204KB17I5,2444,2016-11-07,2026-09-29,97383,ca24626776848825890c9efa356057bbdad1d94e76da8b4a1b72d0b1187ac5de,https://api.mfapi.in/mf/140088,2026-09-30
