symbol,expiry,lot,agree
BANKNIFTY,2016-06-30,30,1.00
BANKNIFTY,2016-07-28,40,1.00
BANKNIFTY,2016-08-25,40,1.00
BANKNIFTY,2016-09-29,40,1.00
BANKNIFTY,2016-10-27,40,1.00
BANKNIFTY,2016-11-24,40,1.00
BANKNIFTY,2016-12-29,40,1.00
BANKNIFTY,2017-01-25,40,1.00
BANKNIFTY,2017-02-23,40,1.00
BANKNIFTY,2017-03-30,40,1.00
BANKNIFTY,2017-04-27,40,1.00
BANKNIFTY,2017-05-25,40,1.00
BANKNIFTY,2017-06-29,40,1.00
BANKNIFTY,2017-07-27,40,1.00
BANKNIFTY,2017-08-31,40,1.00
BANKNIFTY,2017-09-28,40,1.00
BANKNIFTY,2017-10-26,40,1.00
BANKNIFTY,2017-11-30,40,1.00
BANKNIFTY,2017-12-28,40,1.00
BANKNIFTY,2018-01-25,40,1.00
BANKNIFTY,2018-02-22,40,1.00
BANKNIFTY,2018-03-28,40,1.00
BANKNIFTY,2018-04-26,40,1.00
BANKNIFTY,2018-05-31,40,1.00
BANKNIFTY,2018-06-28,40,1.00
BANKNIFTY,2018-07-26,40,1.00
BANKNIFTY,2018-08-30,40,1.00
BANKNIFTY,2018-09-27,40,1.00
BANKNIFTY,2018-10-25,40,1.00
BANKNIFTY,2018-11-29,20,0.96
BANKNIFTY,2018-12-27,20,1.00
BANKNIFTY,2019-01-31,20,1.00
BANKNIFTY,2019-02-28,20,1.00
BANKNIFTY,2019-03-28,20,1.00
BANKNIFTY,2019-04-25,20,1.00
BANKNIFTY,2019-05-30,20,1.00
BANKNIFTY,2019-06-27,20,1.00
BANKNIFTY,2019-07-25,20,1.00
BANKNIFTY,2019-08-29,20,1.00
BANKNIFTY,2019-09-26,20,1.00
BANKNIFTY,2019-10-31,20,1.00
BANKNIFTY,2019-11-28,20,1.00
BANKNIFTY,2019-12-26,20,1.00
BANKNIFTY,2020-01-30,20,1.00
BANKNIFTY,2020-02-27,20,1.00
BANKNIFTY,2020-03-26,20,1.00
BANKNIFTY,2020-04-30,20,1.00
BANKNIFTY,2020-05-28,20,1.00
BANKNIFTY,2020-06-25,20,1.00
BANKNIFTY,2020-07-30,25,1.00
BANKNIFTY,2020-08-27,25,1.00
BANKNIFTY,2020-09-24,25,1.00
BANKNIFTY,2020-10-29,25,1.00
BANKNIFTY,2020-11-26,25,1.00
BANKNIFTY,2020-12-31,25,1.00
BANKNIFTY,2021-01-28,25,1.00
BANKNIFTY,2021-02-25,25,1.00
BANKNIFTY,2021-03-25,25,1.00
BANKNIFTY,2021-04-29,25,1.00
BANKNIFTY,2021-05-27,25,1.00
BANKNIFTY,2021-06-24,25,1.00
BANKNIFTY,2021-07-29,25,1.00
BANKNIFTY,2021-08-26,25,1.00
BANKNIFTY,2021-09-30,25,1.00
BANKNIFTY,2021-10-28,25,1.00
BANKNIFTY,2021-11-25,25,1.00
BANKNIFTY,2021-12-30,25,1.00
BANKNIFTY,2022-01-27,25,1.00
BANKNIFTY,2022-02-24,25,1.00
BANKNIFTY,2022-03-31,25,1.00
BANKNIFTY,2022-04-28,25,1.00
BANKNIFTY,2022-05-26,25,1.00
BANKNIFTY,2022-06-30,25,1.00
BANKNIFTY,2022-07-28,25,1.00
BANKNIFTY,2022-08-25,25,1.00
BANKNIFTY,2022-09-29,25,1.00
BANKNIFTY,2022-10-27,25,1.00
BANKNIFTY,2022-11-24,25,1.00
BANKNIFTY,2022-12-29,25,1.00
BANKNIFTY,2023-01-25,25,1.00
BANKNIFTY,2023-02-23,25,1.00
BANKNIFTY,2023-03-29,25,1.00
BANKNIFTY,2023-04-27,25,1.00
BANKNIFTY,2023-05-25,25,1.00
BANKNIFTY,2023-06-28,25,1.00
BANKNIFTY,2023-06-29,25,1.00
BANKNIFTY,2023-07-27,15,1.00
BANKNIFTY,2023-08-31,15,1.00
BANKNIFTY,2023-09-28,15,1.00
BANKNIFTY,2023-10-26,15,1.00
BANKNIFTY,2023-11-30,15,1.00
BANKNIFTY,2023-12-28,15,1.00
BANKNIFTY,2024-01-25,15,1.00
BANKNIFTY,2024-02-29,15,1.00
BANKNIFTY,2024-03-27,15,1.00
BANKNIFTY,2024-03-28,15,1.00
BANKNIFTY,2024-04-24,15,1.00
BANKNIFTY,2024-04-25,15,1.00
BANKNIFTY,2024-05-29,15,1.00
BANKNIFTY,2024-06-26,15,1.00
BANKNIFTY,2024-07-31,15,1.00
BANKNIFTY,2024-08-28,15,1.00
BANKNIFTY,2024-09-25,15,1.00
BANKNIFTY,2024-10-30,15,1.00
BANKNIFTY,2024-11-27,15,1.00
BANKNIFTY,2024-12-24,15,1.00
BANKNIFTY,2025-01-29,15,1.00
BANKNIFTY,2025-01-30,15,1.00
BANKNIFTY,2025-02-26,30,1.00
BANKNIFTY,2025-02-27,30,1.00
BANKNIFTY,2025-03-26,30,1.00
BANKNIFTY,2025-03-27,30,1.00
BANKNIFTY,2025-04-24,30,1.00
BANKNIFTY,2025-05-29,30,1.00
BANKNIFTY,2025-06-26,30,1.00
BANKNIFTY,2025-07-31,35,1.00
BANKNIFTY,2025-08-28,35,1.00
BANKNIFTY,2025-09-25,35,1.00
BANKNIFTY,2025-09-30,35,1.00
BANKNIFTY,2025-10-28,35,1.00
BANKNIFTY,2025-11-25,35,1.00
BANKNIFTY,2025-12-30,35,1.00
BANKNIFTY,2026-01-27,30,1.00
BANKNIFTY,2026-02-24,30,1.00
BANKNIFTY,2026-03-30,30,1.00
BANKNIFTY,2026-04-28,30,1.00
BANKNIFTY,2026-05-26,30,1.00
BANKNIFTY,2026-06-30,30,1.00
BANKNIFTY,2026-07-28,30,1.00
BANKNIFTY,2026-08-25,30,1.00
BANKNIFTY,2026-09-29,30,1.00
BANKNIFTY,2026-10-27,30,1.00
BANKNIFTY,2026-11-23,30,1.00
NIFTY,2016-06-30,75,1.00
NIFTY,2016-07-28,75,1.00
NIFTY,2016-08-25,75,1.00
NIFTY,2016-09-29,75,1.00
NIFTY,2016-10-27,75,1.00
NIFTY,2016-11-24,75,1.00
NIFTY,2016-12-29,75,1.00
NIFTY,2017-01-25,75,1.00
NIFTY,2017-02-23,75,1.00
NIFTY,2017-03-30,75,1.00
NIFTY,2017-04-27,75,1.00
NIFTY,2017-05-25,75,1.00
NIFTY,2017-06-29,75,1.00
NIFTY,2017-07-27,75,1.00
NIFTY,2017-08-31,75,1.00
NIFTY,2017-09-28,75,1.00
NIFTY,2017-10-26,75,1.00
NIFTY,2017-11-30,75,1.00
NIFTY,2017-12-28,75,1.00
NIFTY,2018-01-25,75,1.00
NIFTY,2018-02-22,75,1.00
NIFTY,2018-03-28,75,1.00
NIFTY,2018-04-26,75,1.00
NIFTY,2018-05-31,75,1.00
NIFTY,2018-06-28,75,1.00
NIFTY,2018-07-26,75,1.00
NIFTY,2018-08-30,75,1.00
NIFTY,2018-09-27,75,1.00
NIFTY,2018-10-25,75,1.00
NIFTY,2018-11-29,75,1.00
NIFTY,2018-12-27,75,1.00
NIFTY,2019-01-31,75,1.00
NIFTY,2019-02-28,75,1.00
NIFTY,2019-03-28,75,1.00
NIFTY,2019-04-25,75,1.00
NIFTY,2019-05-30,75,1.00
NIFTY,2019-06-27,75,1.00
NIFTY,2019-07-25,75,1.00
NIFTY,2019-08-29,75,1.00
NIFTY,2019-09-26,75,1.00
NIFTY,2019-10-31,75,1.00
NIFTY,2019-11-28,75,1.00
NIFTY,2019-12-26,75,1.00
NIFTY,2020-01-30,75,1.00
NIFTY,2020-02-27,75,1.00
NIFTY,2020-03-26,75,0.87
NIFTY,2020-04-30,75,0.99
NIFTY,2020-05-28,75,1.00
NIFTY,2020-06-25,75,1.00
NIFTY,2020-07-30,75,1.00
NIFTY,2020-08-27,75,1.00
NIFTY,2020-09-24,75,1.00
NIFTY,2020-10-29,75,1.00
NIFTY,2020-11-26,75,1.00
NIFTY,2020-12-31,75,1.00
NIFTY,2021-01-28,75,1.00
NIFTY,2021-02-25,75,1.00
NIFTY,2021-03-25,75,1.00
NIFTY,2021-04-29,75,1.00
NIFTY,2021-05-27,75,1.00
NIFTY,2021-06-24,75,1.00
NIFTY,2021-07-29,50,1.00
NIFTY,2021-08-26,50,1.00
NIFTY,2021-09-30,50,1.00
NIFTY,2021-10-28,50,1.00
NIFTY,2021-11-25,50,1.00
NIFTY,2021-12-30,50,1.00
NIFTY,2022-01-27,50,1.00
NIFTY,2022-02-24,50,1.00
NIFTY,2022-03-31,50,1.00
NIFTY,2022-04-28,50,1.00
NIFTY,2022-05-26,50,1.00
NIFTY,2022-06-30,50,1.00
NIFTY,2022-07-28,50,1.00
NIFTY,2022-08-25,50,1.00
NIFTY,2022-09-29,50,1.00
NIFTY,2022-10-27,50,1.00
NIFTY,2022-11-24,50,1.00
NIFTY,2022-12-29,50,1.00
NIFTY,2023-01-25,50,1.00
NIFTY,2023-02-23,50,1.00
NIFTY,2023-03-29,50,1.00
NIFTY,2023-04-27,50,1.00
NIFTY,2023-05-25,50,1.00
NIFTY,2023-06-28,50,1.00
NIFTY,2023-06-29,50,1.00
NIFTY,2023-07-27,50,1.00
NIFTY,2023-08-31,50,1.00
NIFTY,2023-09-28,50,1.00
NIFTY,2023-10-26,50,1.00
NIFTY,2023-11-30,50,1.00
NIFTY,2023-12-28,50,1.00
NIFTY,2024-01-25,50,1.00
NIFTY,2024-02-29,50,1.00
NIFTY,2024-03-28,50,1.00
NIFTY,2024-04-25,50,1.00
NIFTY,2024-05-30,25,0.88
NIFTY,2024-06-27,25,0.99
NIFTY,2024-07-25,25,1.00
NIFTY,2024-08-29,25,1.00
NIFTY,2024-09-26,25,1.00
NIFTY,2024-10-31,25,1.00
NIFTY,2024-11-28,25,1.00
NIFTY,2024-12-26,25,1.00
NIFTY,2025-01-30,25,1.00
NIFTY,2025-02-27,75,1.00
NIFTY,2025-03-27,75,1.00
NIFTY,2025-04-24,75,1.00
NIFTY,2025-05-29,75,1.00
NIFTY,2025-06-26,75,1.00
NIFTY,2025-07-31,75,1.00
NIFTY,2025-08-28,75,1.00
NIFTY,2025-09-25,75,1.00
NIFTY,2025-09-30,75,1.00
NIFTY,2025-10-28,75,1.00
NIFTY,2025-11-25,75,1.00
NIFTY,2025-12-30,75,1.00
NIFTY,2026-01-27,65,1.00
NIFTY,2026-02-24,65,1.00
NIFTY,2026-03-30,65,1.00
NIFTY,2026-04-28,65,1.00
NIFTY,2026-05-26,65,1.00
NIFTY,2026-06-30,65,1.00
NIFTY,2026-07-28,65,1.00
NIFTY,2026-08-25,65,1.00
NIFTY,2026-09-29,65,1.00
NIFTY,2026-10-27,65,1.00
NIFTY,2026-11-23,65,1.00
NIFTY,2026-12-29,65,1.00
