date,recorded_at,live,model,dl_btc,dl_gold,btc_votes,btc_vol,gold_votes,gold_vol,w_btc,w_gold,w_cash,btc_close,gold_close,tbill,usdinr
2026-09-28,2026-09-29T02:11:50Z,1,rules-8-votes,,,7,0.9142,2,1,0.7999,0.05,0.1501,47.21,377.91,0.04057,95.973
2024-01-11,2026-09-29T10:38:12Z,0,dmn-transformer+votes,0.3798,0.2444,8,0.8863,7,1.0,0.6114,0.2175,0.1711,26.63,187.87,0.05218,83.076
2024-01-12,2026-09-29T10:38:12Z,0,dmn-transformer+votes,0.9309,0.1049,7,0.817,8,1.0,0.7378,0.1449,0.1174,24.97,189.71,0.05198,83.076
2024-01-16,2026-09-29T10:38:12Z,0,dmn-transformer+votes,0.4542,0.4343,7,0.8176,7,1.0,0.5434,0.2989,0.1577,24.72,187.91,0.05203,83.089
2024-01-17,2026-09-29T10:38:12Z,0,dmn-transformer+votes,0.4568,0.4781,6,0.8256,5,1.0,0.4981,0.2768,0.2251,24.41,185.84,0.05215,83.178
2024-01-18,2026-09-29T10:38:12Z,0,dmn-transformer+votes,0.923,0.0319,6,0.7922,7,1.0,0.6627,0.153,0.1844,23.34,187.37,0.052,83.161
2024-01-19,2026-09-29T10:38:12Z,0,dmn-transformer+votes,0.2218,0.0398,7,0.7897,7,1.0,0.4331,0.2593,0.3076,23.8,187.93,0.05198,83.161
2024-01-22,2026-09-29T10:38:12Z,0,dmn-transformer+votes,0.8924,0.0531,5,0.791,6,1.0,0.6001,0.1606,0.2393,22.95,187.22,0.052,83.095
2024-01-23,2026-09-29T10:38:12Z,0,dmn-transformer+votes,0.8367,0.0292,5,0.7829,6,1.0,0.5722,0.1667,0.2611,22.32,187.95,0.0521,83.221
2024-01-24,2026-09-29T10:38:12Z,0,dmn-transformer+votes,0.2244,0.1049,5,0.7787,5,1.0,0.3307,0.2443,0.425,22.6,186.4,0.0521,83.098
2024-01-25,2026-09-29T10:38:12Z,0,dmn-transformer+votes,0.2032,0.0292,5,0.7932,5,1.0,0.3284,0.2197,0.4519,22.76,187.14,0.05195,83.146
2024-01-26,2026-09-29T10:38:12Z,0,dmn-transformer+votes,0.1992,0.0398,6,0.7582,5,1.0,0.3598,0.2128,0.4274,23.99,187.01,0.052,83.146
2024-01-29,2026-09-29T10:38:12Z,0,dmn-transformer+votes,0.2112,0.0478,8,0.7492,7,1.0,0.4537,0.2521,0.2942,24.67,188.33,0.052,83.153
2024-01-30,2026-09-29T10:38:12Z,0,dmn-transformer+votes,0.2032,0.0385,8,0.7508,7,1.0,0.4517,0.2505,0.2979,24.88,188.59,0.05203,83.11
2024-01-31,2026-09-29T10:38:12Z,0,dmn-transformer+votes,0.2178,0.0491,7,0.8141,7,1.0,0.4448,0.2565,0.2986,24.3,188.45,0.05188,83.054
2024-02-01,2026-09-29T10:38:12Z,0,dmn-transformer+votes,0.2377,0.1129,6,0.8702,7,1.0,0.4298,0.2817,0.2886,24.54,190.41,0.052,82.928
2024-02-02,2026-09-29T10:38:12Z,0,dmn-transformer+votes,0.1939,0.1567,7,0.8929,7,1.0,0.4772,0.2697,0.2531,24.5,188.61,0.0521,82.928
2024-02-05,2026-09-29T10:38:12Z,0,dmn-transformer+votes,0.2032,0.1062,6,0.8909,5,1.0,0.4246,0.2104,0.365,24.19,187.57,0.05228,83.104
2024-02-06,2026-09-29T10:38:12Z,0,dmn-transformer+votes,0.2377,0.1169,7,1.0,7,1.0,0.5564,0.22,0.2236,24.6,188.55,0.05223,83.071
2024-02-07,2026-09-29T10:38:12Z,0,dmn-transformer+votes,0.3081,0.1394,7,1.0,8,1.0,0.5916,0.2327,0.1758,25.22,188.5,0.05223,83.013
2024-02-08,2026-09-29T10:38:12Z,0,dmn-transformer+votes,0.3134,0.1514,7,0.9917,7,1.0,0.5893,0.2108,0.1999,26.03,188.33,0.05218,82.985
2024-02-09,2026-09-29T10:38:12Z,0,dmn-transformer+votes,0.3134,0.2231,8,0.9398,6,1.0,0.6172,0.1863,0.1966,27.15,187.6,0.0522,82.985
2024-02-12,2026-09-29T10:38:12Z,0,dmn-transformer+votes,0.3386,0.1965,8,1.0,5,1.0,0.6693,0.1358,0.1949,28.66,187.11,0.05228,82.99
2024-02-13,2026-09-29T10:38:12Z,0,dmn-transformer+votes,0.3333,0.5538,8,0.9968,5,1.0,0.6645,0.1977,0.1377,28.22,184.53,0.05233,83.075
2024-02-14,2026-09-29T10:38:12Z,0,dmn-transformer+votes,0.328,0.2975,8,0.9653,5,1.0,0.641,0.1656,0.1934,29.55,184.42,0.05218,83.043
2024-02-15,2026-09-29T10:38:12Z,0,dmn-transformer+votes,0.2815,0.3572,8,1.0,5,1.0,0.6407,0.1764,0.1828,29.52,185.66,0.05218,83.01
2024-02-16,2026-09-29T10:38:12Z,0,dmn-transformer+votes,0.2563,0.6335,8,1.0,5,1.0,0.6281,0.234,0.1379,29.62,186.34,0.05223,83.01
2024-02-20,2026-09-29T10:38:12Z,0,dmn-transformer+votes,0.2032,0.6189,8,1.0,6,1.0,0.6016,0.2727,0.1257,29.67,187.47,0.05213,82.829
2024-02-21,2026-09-29T10:38:12Z,0,dmn-transformer+votes,0.2112,0.575,8,1.0,7,1.0,0.6056,0.2859,0.1085,29.08,187.48,0.05235,82.938
2024-02-22,2026-09-29T10:38:12Z,0,dmn-transformer+votes,0.239,0.6175,8,1.0,6,1.0,0.6195,0.2602,0.1203,29.72,187.56,0.05233,82.872
2024-02-23,2026-09-29T10:38:12Z,0,dmn-transformer+votes,0.2112,0.4847,8,1.0,8,1.0,0.6056,0.2928,0.1016,29.16,188.62,0.0524,82.872
2024-02-26,2026-09-29T10:38:12Z,0,dmn-transformer+votes,0.2988,0.4329,8,1.0,7,1.0,0.6494,0.2293,0.1213,31.12,188.2,0.0525,82.852
2024-02-27,2026-09-29T10:38:12Z,0,dmn-transformer+votes,0.2882,0.4714,8,1.0,7,1.0,0.6441,0.2396,0.1163,32.59,188.0,0.05245,82.948
2024-02-28,2026-09-29T10:38:12Z,0,dmn-transformer+votes,0.2922,0.4914,8,0.9999,8,1.0,0.646,0.264,0.09,34.45,188.34,0.0524,82.912
2024-02-29,2026-09-29T10:38:12Z,0,dmn-transformer+votes,0.2683,0.4887,8,1.0,8,1.0,0.6341,0.2723,0.0935,35.42,189.31,0.05223,82.91
2024-03-01,2026-09-29T10:38:12Z,0,dmn-transformer+votes,0.2417,0.5432,8,1.0,8,1.0,0.6209,0.2926,0.0866,35.99,192.89,0.05215,82.91
2024-03-04,2026-09-29T10:38:12Z,0,dmn-transformer+votes,0.3001,0.6879,8,0.9885,8,1.0,0.6426,0.3016,0.0558,38.65,196.01,0.05223,82.91
2024-03-05,2026-09-29T10:38:12Z,0,dmn-transformer+votes,0.3054,0.8725,8,0.754,8,1.0,0.4921,0.4755,0.0324,35.32,197.19,0.05225,82.885
2024-03-06,2026-09-29T10:38:12Z,0,dmn-transformer+votes,0.34,0.7849,8,0.7081,8,1.0,0.4744,0.4691,0.0565,38.29,198.81,0.0523,82.819
2024-03-07,2026-09-29T10:38:12Z,0,dmn-transformer+votes,0.3001,0.7795,8,0.7067,8,1.0,0.4594,0.481,0.0596,38.63,199.94,0.05228,82.752
2024-03-08,2026-09-29T10:38:12Z,0,dmn-transformer+votes,0.3108,0.6879,8,0.7081,8,1.0,0.4641,0.4523,0.0836,39.55,201.63,0.05228,82.752
2024-03-11,2026-09-29T10:38:12Z,0,dmn-transformer+votes,0.3307,0.6919,8,0.7096,8,1.0,0.4721,0.4466,0.0813,41.12,202.0,0.0524,82.778
2024-03-12,2026-09-29T10:38:12Z,0,dmn-transformer+votes,0.3161,0.8778,8,0.7143,8,0.9624,0.4701,0.4789,0.0511,40.73,199.79,0.0524,82.835
2024-03-13,2026-09-29T10:38:12Z,0,dmn-transformer+votes,0.2829,0.4104,8,0.7272,8,1.0,0.4665,0.3762,0.1573,41.95,201.19,0.05238,82.831
2024-03-14,2026-09-29T10:38:12Z,0,dmn-transformer+votes,0.1886,0.4927,8,0.6702,8,1.0,0.3983,0.4491,0.1526,39.51,200.35,0.05238,82.966
2024-03-15,2026-09-29T10:38:12Z,0,dmn-transformer+votes,0.2311,0.5339,8,0.6696,8,1.0,0.4121,0.4509,0.137,39.39,199.71,0.05238,82.966
2024-03-18,2026-09-29T10:38:12Z,0,dmn-transformer+votes,0.1939,0.429,8,0.6508,8,1.0,0.3885,0.4369,0.1746,38.14,200.03,0.05238,82.864
2024-03-19,2026-09-29T10:38:12Z,0,dmn-transformer+votes,0.1673,0.3373,8,0.63,8,1.0,0.3677,0.4228,0.2095,36.7,199.8,0.05238,83.042
2024-03-20,2026-09-29T10:38:12Z,0,dmn-transformer+votes,0.2324,0.2722,8,0.6374,8,1.0,0.3927,0.3863,0.221,37.55,202.18,0.05228,83.055
2024-03-21,2026-09-29T10:38:12Z,0,dmn-transformer+votes,0.1886,0.324,8,0.6338,8,1.0,0.3767,0.4126,0.2107,37.15,201.97,0.05228,83.227
2024-03-22,2026-09-29T10:38:12Z,0,dmn-transformer+votes,0.1952,0.405,7,0.6333,8,0.9438,0.3389,0.4383,0.2228,36.41,200.35,0.0522,83.227
2024-03-25,2026-09-29T10:38:12Z,0,dmn-transformer+votes,0.3891,0.2444,8,0.5863,8,0.9567,0.4072,0.3528,0.2399,40.55,200.99,0.05218,83.417
2024-03-26,2026-09-29T10:38:12Z,0,dmn-transformer+votes,0.1952,0.2457,8,0.5864,8,0.9659,0.3504,0.3908,0.2588,39.63,201.64,0.05218,83.345
2024-03-27,2026-09-29T10:38:12Z,0,dmn-transformer+votes,0.2271,0.2736,8,0.5988,8,0.9615,0.3674,0.3873,0.2453,39.13,203.1,0.05215,83.365
2024-03-28,2026-09-29T10:38:12Z,0,dmn-transformer+votes,0.3453,0.3134,8,0.5968,8,0.9277,0.4015,0.3647,0.2339,40.47,205.72,0.05203,83.393
2024-04-01,2026-09-29T10:38:12Z,0,dmn-transformer+votes,0.2417,0.2749,8,0.5936,8,1.0,0.3686,0.4025,0.2289,39.75,207.82,0.05218,83.41
2024-04-02,2026-09-29T10:38:12Z,0,dmn-transformer+votes,0.1793,0.3121,7,0.6045,8,1.0,0.3186,0.447,0.2344,37.6,210.89,0.05213,83.35
2024-04-03,2026-09-29T10:38:12Z,0,dmn-transformer+votes,0.3134,0.2669,6,0.675,8,1.0,0.3589,0.4061,0.235,37.54,212.74,0.0521,83.373
2024-04-04,2026-09-29T10:38:12Z,0,dmn-transformer+votes,0.3851,0.1514,8,0.7286,8,0.9843,0.5046,0.2807,0.2147,39.08,211.52,0.05203,83.478
2024-04-05,2026-09-29T10:38:12Z,0,dmn-transformer+votes,0.3041,0.3201,7,0.7256,8,0.9054,0.4278,0.342,0.2303,38.41,215.14,0.05215,83.478
2024-04-08,2026-09-29T10:38:12Z,0,dmn-transformer+votes,0.4861,0.2231,8,0.6855,8,0.9118,0.5093,0.2736,0.2171,40.95,216.48,0.05223,83.27
2024-04-09,2026-09-29T10:38:12Z,0,dmn-transformer+votes,0.2736,0.2112,7,0.6847,8,0.9117,0.3932,0.335,0.2718,39.33,217.67,0.0522,83.224
2024-04-10,2026-09-29T10:38:12Z,0,dmn-transformer+votes,0.4449,0.1514,7,0.6818,8,0.9288,0.4499,0.2941,0.2559,40.0,215.61,0.05243,83.413
2024-04-11,2026-09-29T10:38:12Z,0,dmn-transformer+votes,0.4064,0.2815,7,0.6917,8,0.8482,0.4431,0.3026,0.2542,40.17,219.8,0.05238,83.349
2024-04-12,2026-09-29T10:38:12Z,0,dmn-transformer+votes,0.2922,0.1713,6,0.7013,8,0.7814,0.3654,0.2904,0.3442,38.14,216.89,0.0523,83.349
2024-04-15,2026-09-29T10:38:12Z,0,dmn-transformer+votes,0.2284,0.2656,6,0.6721,8,0.7491,0.3288,0.3182,0.353,36.08,220.95,0.05238,83.506
2024-04-16,2026-09-29T10:38:12Z,0,dmn-transformer+votes,0.3705,0.1567,6,0.68,8,0.7485,0.381,0.268,0.351,35.75,221.22,0.05233,83.668
2024-04-17,2026-09-29T10:38:12Z,0,dmn-transformer+votes,0.3174,0.158,5,0.687,8,0.7246,0.3237,0.2838,0.3926,34.76,219.59,0.0524,83.596
2024-04-18,2026-09-29T10:38:12Z,0,dmn-transformer+votes,0.4834,0.1541,6,0.6751,8,0.7353,0.4163,0.2477,0.336,36.21,220.34,0.05243,83.545
2024-04-19,2026-09-29T10:38:12Z,0,dmn-transformer+votes,0.4582,0.1567,6,0.674,8,0.7412,0.4072,0.2541,0.3387,36.67,221.03,0.05245,83.545
2024-04-22,2026-09-29T10:38:12Z,0,dmn-transformer+votes,0.49,0.5339,7,0.6687,8,0.626,0.4564,0.261,0.2826,37.93,215.57,0.05245,83.386
2024-04-23,2026-09-29T10:38:12Z,0,dmn-transformer+votes,0.3904,0.1687,7,0.8261,8,0.6214,0.5226,0.1733,0.304,37.9,215.04,0.05245,83.283
2024-04-24,2026-09-29T10:38:12Z,0,dmn-transformer+votes,0.3493,0.1474,5,0.8105,7,0.6182,0.3948,0.1912,0.4139,36.41,214.64,0.05255,83.341
2024-04-25,2026-09-29T10:38:12Z,0,dmn-transformer+votes,0.4648,0.1501,6,0.8082,8,0.6193,0.4909,0.1813,0.3278,36.86,215.92,0.05245,83.302
2024-04-26,2026-09-29T10:38:12Z,0,dmn-transformer+votes,0.3904,0.1461,5,0.8328,8,0.6321,0.4228,0.2091,0.3681,36.32,216.62,0.05238,83.302
2024-04-29,2026-09-29T10:38:12Z,0,dmn-transformer+votes,0.4276,0.1461,5,0.8379,7,0.6379,0.441,0.1821,0.377,35.87,216.18,0.05243,83.451
2024-04-30,2026-09-29T10:38:12Z,0,dmn-transformer+votes,0.5259,0.7012,5,0.8215,7,0.6044,0.4727,0.2512,0.2761,33.57,211.87,0.05245,83.498
2024-05-01,2026-09-29T10:38:12Z,0,dmn-transformer+votes,0.571,0.2483,5,0.8103,7,0.6039,0.4846,0.1748,0.3406,32.39,213.79,0.0525,83.406
2024-05-02,2026-09-29T10:38:12Z,0,dmn-transformer+votes,0.6507,0.1594,5,0.808,7,0.6068,0.5154,0.1521,0.3325,33.8,213.13,0.05238,83.406
2024-05-03,2026-09-29T10:38:12Z,0,dmn-transformer+votes,0.6587,0.1673,5,0.7689,7,0.6438,0.4935,0.1699,0.3366,35.4,212.96,0.05235,83.406
2024-05-06,2026-09-29T10:38:12Z,0,dmn-transformer+votes,0.5764,0.3121,5,0.8384,7,0.6336,0.5036,0.1867,0.3097,36.01,215.2,0.0524,83.473
2024-05-07,2026-09-29T10:38:12Z,0,dmn-transformer+votes,0.5896,0.2629,5,0.8615,6,0.6363,0.5232,0.1537,0.3232,35.93,214.21,0.05243,83.47
2024-05-08,2026-09-29T10:38:12Z,0,dmn-transformer+votes,0.579,0.3187,5,0.8694,6,0.6464,0.5234,0.1646,0.312,35.38,213.58,0.05245,83.464
2024-05-09,2026-09-29T10:38:12Z,0,dmn-transformer+votes,0.6746,0.3984,5,0.8688,8,0.6655,0.5645,0.2026,0.2328,35.58,216.95,0.0524,83.459
2024-05-10,2026-09-29T10:38:12Z,0,dmn-transformer+votes,0.656,0.4117,5,0.904,7,0.6827,0.579,0.1849,0.2361,34.58,218.71,0.05243,83.459
2024-05-13,2026-09-29T10:38:12Z,0,dmn-transformer+votes,0.7742,0.2789,6,0.9276,7,0.7259,0.7069,0.1227,0.1703,36.0,216.26,0.0524,83.506
2024-05-14,2026-09-29T10:38:12Z,0,dmn-transformer+votes,0.5458,0.4369,5,0.9134,7,0.7099,0.5347,0.2167,0.2486,35.07,218.09,0.05235,83.524
2024-05-15,2026-09-29T10:38:12Z,0,dmn-transformer+votes,0.6733,0.4316,8,0.8305,7,0.6891,0.6949,0.1374,0.1678,37.67,220.89,0.0524,83.405
2024-05-16,2026-09-29T10:38:12Z,0,dmn-transformer+votes,0.4515,0.3041,7,0.8526,8,0.6882,0.5655,0.195,0.2395,37.15,220.03,0.05243,83.47
2024-05-17,2026-09-29T10:38:12Z,0,dmn-transformer+votes,0.5378,0.4197,8,0.8398,8,0.649,0.6457,0.1632,0.1911,38.28,223.66,0.0524,83.47
2024-05-20,2026-09-29T10:38:12Z,0,dmn-transformer+votes,0.5418,0.328,8,0.8275,8,0.777,0.6379,0.1868,0.1753,39.97,224.56,0.0524,83.315
2024-05-21,2026-09-29T10:38:12Z,0,dmn-transformer+votes,0.3652,0.2404,8,0.8237,8,0.779,0.5623,0.2115,0.2262,39.47,224.23,0.0524,83.317
2024-05-22,2026-09-29T10:38:12Z,0,dmn-transformer+votes,0.405,0.4343,8,0.8584,8,0.6963,0.603,0.1982,0.1988,39.71,220.11,0.05245,83.267
2024-05-23,2026-09-29T10:38:12Z,0,dmn-transformer+votes,0.3599,0.761,8,0.8298,7,0.6346,0.5642,0.2262,0.2096,38.27,215.72,0.05245,83.286
2024-05-24,2026-09-29T10:38:12Z,0,dmn-transformer+votes,0.413,0.3015,8,0.822,6,0.6359,0.5807,0.1402,0.2791,39.46,215.92,0.05245,83.286
2024-05-28,2026-09-29T10:38:12Z,0,dmn-transformer+votes,0.3825,0.3931,8,0.8251,8,0.6227,0.5704,0.1863,0.2433,38.98,218.19,0.05248,83.206
2024-05-29,2026-09-29T10:38:12Z,0,dmn-transformer+votes,0.3572,0.5033,8,0.9217,6,0.6697,0.6254,0.1572,0.2174,38.32,216.16,0.0525,83.366
2024-05-30,2026-09-29T10:38:12Z,0,dmn-transformer+votes,0.3386,0.2869,8,0.9679,7,0.6803,0.6478,0.1392,0.213,39.16,216.57,0.05248,83.321
2024-05-31,2026-09-29T10:38:12Z,0,dmn-transformer+votes,0.332,0.4954,8,0.9872,7,0.6757,0.6575,0.1586,0.1839,38.55,215.3,0.05245,83.321
2024-06-03,2026-09-29T10:38:12Z,0,dmn-transformer+votes,0.3625,0.3944,8,1.0,7,0.6657,0.6813,0.1347,0.1841,39.44,217.22,0.05243,83.093
2024-06-04,2026-09-29T10:38:12Z,0,dmn-transformer+votes,0.3134,0.7649,8,1.0,6,0.667,0.6567,0.1734,0.1699,40.17,215.27,0.0524,83.629
2024-06-05,2026-09-29T10:38:12Z,0,dmn-transformer+votes,0.4436,0.4967,8,1.0,7,0.6515,0.7218,0.1243,0.1539,40.67,217.82,0.0524,83.381
2024-06-06,2026-09-29T10:38:12Z,0,dmn-transformer+votes,0.4887,0.4608,8,1.0,8,0.6482,0.7444,0.121,0.1346,40.16,219.43,0.05233,83.473
2024-06-07,2026-09-29T10:38:12Z,0,dmn-transformer+votes,0.5339,0.9509,7,1.0,5,0.5337,0.7045,0.1243,0.1713,39.42,211.6,0.05238,83.473
2024-06-10,2026-09-29T10:38:12Z,0,dmn-transformer+votes,0.4502,0.5392,7,1.0,5,0.5321,0.6626,0.1045,0.2329,39.59,213.54,0.05233,83.53
2024-06-11,2026-09-29T10:38:12Z,0,dmn-transformer+votes,0.5259,0.6467,6,1.0,5,0.5397,0.638,0.1242,0.2378,38.43,214.15,0.05245,83.597
2024-06-12,2026-09-29T10:38:12Z,0,dmn-transformer+votes,0.3572,0.6401,6,1.0,5,0.5457,0.5536,0.1541,0.2923,38.45,214.72,0.05243,83.534
2024-06-13,2026-09-29T10:38:12Z,0,dmn-transformer+votes,0.3081,0.7649,6,1.0,5,0.5589,0.5291,0.1829,0.288,37.9,212.97,0.0524,83.522
2024-06-14,2026-09-29T10:38:12Z,0,dmn-transformer+votes,0.3519,0.668,4,1.0,5,0.5417,0.4259,0.201,0.373,37.3,215.73,0.0524,83.522
2024-06-17,2026-09-29T10:38:12Z,0,dmn-transformer+votes,0.3493,0.83,6,1.0,5,0.5691,0.5496,0.1865,0.2639,37.98,214.61,0.05243,83.51
2024-06-18,2026-09-29T10:38:12Z,0,dmn-transformer+votes,0.3134,0.741,4,1.0,5,0.5691,0.4067,0.2306,0.3627,36.64,215.47,0.05235,83.374
2024-06-20,2026-09-29T10:38:12Z,0,dmn-transformer+votes,0.3904,0.6839,4,1.0,7,0.5508,0.4452,0.2382,0.3166,37.04,218.16,0.05225,83.602
2024-06-21,2026-09-29T10:38:12Z,0,dmn-transformer+votes,0.2683,0.9296,4,1.0,5,0.5591,0.3841,0.2676,0.3482,36.58,214.78,0.05215,83.602
2024-06-24,2026-09-29T10:38:12Z,0,dmn-transformer+votes,0.7915,0.6707,3,1.0,5,0.5953,0.5833,0.1607,0.256,33.765,215.63,0.0521,83.46
2024-06-25,2026-09-29T10:38:12Z,0,dmn-transformer+votes,0.5458,0.6932,3,1.0,5,0.5929,0.4604,0.2109,0.3287,35.3,214.56,0.05223,83.415
2024-06-26,2026-09-29T10:38:12Z,0,dmn-transformer+votes,0.6135,0.8074,3,1.0,5,0.599,0.4943,0.217,0.2888,34.71,212.58,0.0523,83.58
2024-06-27,2026-09-29T10:38:12Z,0,dmn-transformer+votes,0.83,0.5591,3,1.0,5,0.591,0.6025,0.1391,0.2584,34.98,214.99,0.05223,83.451
2024-06-28,2026-09-29T10:38:12Z,0,dmn-transformer+votes,0.8061,0.5432,3,1.0,5,0.5915,0.5906,0.1415,0.268,34.14,215.01,0.05213,83.451
2024-07-01,2026-09-29T10:38:12Z,0,dmn-transformer+votes,0.8552,0.5126,3,0.9627,6,0.5943,0.5921,0.153,0.2548,36.0,215.57,0.05218,83.441
2024-07-02,2026-09-29T10:38:12Z,0,dmn-transformer+votes,0.8539,0.4396,3,0.9758,7,0.6043,0.5996,0.159,0.2414,35.22,215.56,0.05228,83.479
2024-07-03,2026-09-29T10:38:12Z,0,dmn-transformer+votes,0.8606,0.5007,3,0.9874,8,0.6007,0.61,0.1758,0.2142,34.44,217.99,0.0523,83.491
2024-07-05,2026-09-29T10:38:12Z,0,dmn-transformer+votes,0.8818,0.4462,3,0.9096,8,0.5974,0.5716,0.1851,0.2433,32.2,220.93,0.05225,83.493
2024-07-08,2026-09-29T10:38:12Z,0,dmn-transformer+votes,0.9894,0.5684,3,0.9087,8,0.5866,0.6199,0.1749,0.2052,32.16,218.19,0.05218,83.458
2024-07-09,2026-09-29T10:38:12Z,0,dmn-transformer+votes,0.9695,0.4329,3,0.8879,7,0.8198,0.5969,0.2161,0.187,32.96,218.56,0.05225,83.493
2024-07-10,2026-09-29T10:38:12Z,0,dmn-transformer+votes,0.996,0.4104,3,0.8964,8,0.8378,0.6145,0.2278,0.1578,32.67,219.36,0.05225,83.496
2024-07-11,2026-09-29T10:38:12Z,0,dmn-transformer+votes,0.9947,0.4396,3,0.9056,8,0.7737,0.6202,0.2115,0.1683,32.7,223.25,0.05198,83.519
2024-07-12,2026-09-29T10:38:12Z,0,dmn-transformer+votes,0.992,0.5498,3,0.9069,8,0.7733,0.6199,0.2278,0.1523,32.85,223.11,0.05198,83.519
2024-07-15,2026-09-29T10:38:12Z,0,dmn-transformer+votes,0.7703,0.5525,4,0.7388,8,0.8064,0.4692,0.3323,0.1985,36.15,223.83,0.05193,83.588
2024-07-16,2026-09-29T10:38:12Z,0,dmn-transformer+votes,0.8991,0.51,7,0.731,8,0.7677,0.6485,0.2038,0.1478,37.17,228.29,0.05193,83.53
2024-07-17,2026-09-29T10:38:12Z,0,dmn-transformer+votes,0.8738,0.6707,6,0.7346,8,0.7714,0.5964,0.2601,0.1435,36.84,227.23,0.05195,83.572
2024-07-18,2026-09-29T10:38:12Z,0,dmn-transformer+votes,0.8659,0.6361,5,0.7467,8,0.7563,0.5566,0.2743,0.169,36.22,225.78,0.05193,83.674
2024-07-19,2026-09-29T10:38:12Z,0,dmn-transformer+votes,0.8552,0.6401,8,0.7097,8,0.7076,0.6583,0.1983,0.1434,38.4,221.73,0.05193,83.674
2024-07-22,2026-09-29T10:38:12Z,0,dmn-transformer+votes,0.8313,0.4728,8,0.7119,8,0.7632,0.6519,0.1957,0.1525,38.93,221.8,0.0519,83.671
2024-07-23,2026-09-29T10:38:12Z,0,dmn-transformer+votes,0.7968,0.3625,7,0.78,8,0.764,0.652,0.1811,0.1669,37.34,222.58,0.05173,83.707
2024-07-24,2026-09-29T10:38:12Z,0,dmn-transformer+votes,0.8446,0.332,7,0.8097,8,0.7696,0.6962,0.1557,0.1481,37.42,221.8,0.0517,83.743
2024-07-25,2026-09-29T10:38:12Z,0,dmn-transformer+votes,0.8074,0.2722,6,0.8104,6,0.7392,0.6311,0.1394,0.2295,36.83,218.33,0.0516,83.738
2024-07-26,2026-09-29T10:38:12Z,0,dmn-transformer+votes,0.8074,0.2483,8,0.7824,7,0.7472,0.707,0.123,0.17,38.79,220.63,0.05155,83.738
2024-07-29,2026-09-29T10:38:12Z,0,dmn-transformer+votes,0.761,0.2284,8,0.7983,7,0.751,0.7029,0.1231,0.174,38.34,220.32,0.05147,83.751
2024-07-30,2026-09-29T10:38:12Z,0,dmn-transformer+votes,0.7384,0.2869,8,0.8293,8,0.7439,0.7208,0.1336,0.1456,37.55,222.52,0.05135,83.739
2024-07-31,2026-09-29T10:38:12Z,0,dmn-transformer+votes,0.5896,0.3254,7,0.8383,8,0.7082,0.6139,0.1812,0.2049,37.18,226.55,0.05135,83.718
2024-08-01,2026-09-29T10:38:12Z,0,dmn-transformer+votes,0.4064,0.2789,6,0.8316,8,0.7217,0.4809,0.2396,0.2796,36.07,225.77,0.05115,83.744
2024-08-02,2026-09-29T10:38:12Z,0,dmn-transformer+votes,0.4104,0.3214,5,0.9301,8,0.7449,0.4815,0.2552,0.2633,35.61,225.34,0.0503,83.744
2024-08-05,2026-09-29T10:38:12Z,0,dmn-transformer+votes,0.3918,0.328,2,0.6333,7,0.7461,0.2032,0.3576,0.4392,30.48,222.48,0.0506,84.003
2024-08-06,2026-09-29T10:38:12Z,0,dmn-transformer+votes,0.4675,0.2483,4,0.6155,7,0.7373,0.2978,0.2908,0.4115,32.34,220.7,0.0508,83.935
2024-08-07,2026-09-29T10:38:12Z,0,dmn-transformer+votes,0.1912,0.2178,2,0.6108,7,0.7561,0.1348,0.3575,0.5078,31.19,220.55,0.0508,83.942
2024-08-08,2026-09-29T10:38:12Z,0,dmn-transformer+votes,0.4568,0.3878,4,0.5738,8,0.7848,0.2745,0.3951,0.3304,33.88,224.01,0.05083,83.989
2024-08-09,2026-09-29T10:38:12Z,0,dmn-transformer+votes,0.3493,0.3201,4,0.5731,8,0.7883,0.2434,0.3937,0.3629,34.6,224.56,0.05075,83.989
2024-08-12,2026-09-29T10:38:12Z,0,dmn-transformer+votes,0.1952,0.4861,4,0.623,8,0.7492,0.2166,0.4361,0.3473,33.64,228.41,0.05073,83.89
2024-08-13,2026-09-29T10:38:12Z,0,dmn-transformer+votes,0.5458,0.332,3,0.6239,8,0.8208,0.2872,0.3896,0.3231,34.64,228.06,0.05053,83.882
2024-08-14,2026-09-29T10:38:12Z,0,dmn-transformer+votes,0.3028,0.3586,3,0.6223,7,0.8211,0.2109,0.3996,0.3895,33.56,226.2,0.05063,83.971
2024-08-15,2026-09-29T10:38:12Z,0,dmn-transformer+votes,0.3333,0.4821,3,0.6208,7,0.8432,0.2199,0.4463,0.3338,32.5,226.91,0.0508,83.948
2024-08-16,2026-09-29T10:38:12Z,0,dmn-transformer+votes,0.6587,0.5923,3,0.6303,8,0.8469,0.3258,0.4546,0.2196,34.03,231.99,0.05075,83.948
2024-08-19,2026-09-29T10:38:12Z,0,dmn-transformer+votes,0.6175,0.6056,3,0.6337,8,0.8583,0.3145,0.4724,0.2132,33.62,231.61,0.05063,83.879
2024-08-20,2026-09-29T10:38:12Z,0,dmn-transformer+votes,0.8725,0.6056,3,0.6415,8,0.8669,0.4001,0.4175,0.1824,33.92,232.46,0.05033,83.779
2024-08-21,2026-09-29T10:38:12Z,0,dmn-transformer+votes,0.8725,0.6242,4,0.6315,8,0.8761,0.4334,0.4031,0.1635,35.13,232.15,0.05005,83.889
2024-08-22,2026-09-29T10:38:12Z,0,dmn-transformer+votes,0.8393,0.6507,3,0.6302,8,0.9057,0.3826,0.4615,0.1559,34.35,229.37,0.05025,83.941
2024-08-23,2026-09-29T10:38:12Z,0,dmn-transformer+votes,0.838,0.4157,5,0.6283,8,0.9059,0.4596,0.3465,0.1939,36.28,232.02,0.05,83.941
2024-08-26,2026-09-29T10:38:12Z,0,dmn-transformer+votes,0.9389,0.3705,5,0.629,8,0.9167,0.4919,0.3192,0.1889,36.09,232.76,0.04998,83.884
2024-08-27,2026-09-29T10:38:12Z,0,dmn-transformer+votes,0.9429,0.3958,5,0.63,8,0.9352,0.4939,0.3303,0.1758,35.38,233.39,0.04968,83.922
2024-08-28,2026-09-29T10:38:12Z,0,dmn-transformer+votes,0.8752,0.332,2,0.6154,8,0.9862,0.3462,0.4294,0.2244,33.52,231.75,0.04955,83.941
2024-08-29,2026-09-29T10:38:12Z,0,dmn-transformer+votes,0.8765,0.332,2,0.6192,8,0.9892,0.3488,0.429,0.2222,33.69,232.95,0.04965,83.895
2024-08-30,2026-09-29T10:38:12Z,0,dmn-transformer+votes,0.8725,0.3201,2,0.6202,8,0.9721,0.3481,0.4183,0.2336,33.37,231.29,0.04968,83.895
2024-09-03,2026-09-29T10:38:12Z,0,dmn-transformer+votes,0.8818,0.3493,2,0.8619,8,1.0,0.4877,0.3456,0.1667,32.98,230.29,0.0497,83.95
2024-09-04,2026-09-29T10:38:12Z,0,dmn-transformer+votes,0.741,0.2842,3,0.9214,8,1.0,0.5142,0.312,0.1739,33.04,230.43,0.04948,83.982
2024-09-05,2026-09-29T10:38:12Z,0,dmn-transformer+votes,0.745,0.3373,1,0.9223,8,1.0,0.4012,0.4004,0.1984,31.85,232.35,0.04932,83.984
2024-09-06,2026-09-29T10:38:12Z,0,dmn-transformer+votes,0.5551,0.4329,1,1.0,8,1.0,0.3401,0.4728,0.1871,30.41,230.63,0.04908,83.984
2024-09-09,2026-09-29T10:38:12Z,0,dmn-transformer+votes,0.6308,0.2603,1,0.9431,8,1.0,0.3564,0.4056,0.238,32.51,231.6,0.04895,83.981
2024-09-10,2026-09-29T10:38:12Z,0,dmn-transformer+votes,0.7238,0.2722,2,0.9532,8,1.0,0.4641,0.3409,0.195,33.0,232.62,0.04835,83.982
2024-09-11,2026-09-29T10:38:12Z,0,dmn-transformer+votes,0.7902,0.2563,1,0.9759,8,1.0,0.4466,0.3476,0.2058,32.8,232.25,0.04875,83.993
2024-09-12,2026-09-29T10:38:12Z,0,dmn-transformer+votes,0.8234,0.3971,2,0.9944,8,1.0,0.5337,0.3257,0.1406,33.25,236.33,0.0484,83.935
2024-09-13,2026-09-29T10:38:12Z,0,dmn-transformer+votes,0.761,0.3147,4,1.0,8,1.0,0.6305,0.2429,0.1266,34.04,238.68,0.04763,83.935
2024-09-16,2026-09-29T10:38:12Z,0,dmn-transformer+votes,0.8074,0.3121,2,1.0,8,1.0,0.5287,0.3092,0.1621,32.98,238.66,0.04745,83.884
2024-09-17,2026-09-29T10:38:12Z,0,dmn-transformer+votes,0.8074,0.3161,4,1.0,8,1.0,0.6537,0.2279,0.1184,34.1,237.34,0.04735,83.771
2024-09-18,2026-09-29T10:38:12Z,0,dmn-transformer+votes,0.8566,0.3174,4,1.0,8,1.0,0.6783,0.2119,0.1098,34.15,235.51,0.04615,83.692
2024-09-19,2026-09-29T10:38:12Z,0,dmn-transformer+votes,0.7795,0.3825,6,0.9763,8,1.0,0.7466,0.1751,0.0782,36.01,239.17,0.04593,83.615
2024-09-20,2026-09-29T10:38:12Z,0,dmn-transformer+votes,0.9814,0.3254,6,0.9909,8,1.0,0.8579,0.0942,0.0479,35.8,242.21,0.04545,83.615
2024-09-23,2026-09-29T10:38:12Z,0,dmn-transformer+votes,0.9376,0.2961,7,1.0,8,1.0,0.9063,0.0607,0.033,36.04,242.68,0.04503,83.56
2024-09-24,2026-09-29T10:38:12Z,0,dmn-transformer+votes,0.9947,0.3373,7,1.0,8,1.0,0.9348,0.0436,0.0216,36.64,246.07,0.04495,83.568
2024-09-25,2026-09-29T10:38:12Z,0,dmn-transformer+votes,0.9987,0.3121,6,1.0,8,1.0,0.8743,0.0824,0.0432,35.97,245.73,0.04487,83.624
2024-09-26,2026-09-29T10:38:12Z,0,dmn-transformer+votes,0.9814,0.332,7,1.0,8,1.0,0.9282,0.0478,0.024,36.84,246.98,0.04468,83.617
2024-09-27,2026-09-29T10:38:12Z,0,dmn-transformer+votes,0.9894,0.4661,7,1.0,8,1.0,0.9322,0.0497,0.0181,37.39,245.02,0.04482,83.617
2024-09-30,2026-09-29T10:38:12Z,0,dmn-transformer+votes,0.9987,0.5498,7,1.0,8,1.0,0.9368,0.0489,0.0142,36.13,243.06,0.04498,83.827
2024-10-01,2026-09-29T10:38:12Z,0,dmn-transformer+votes,0.9987,0.4223,5,1.0,8,1.0,0.8118,0.1338,0.0543,35.13,245.61,0.04482,83.872
2024-10-02,2026-09-29T10:38:12Z,0,dmn-transformer+votes,0.992,0.51,3,1.0,8,1.0,0.6835,0.239,0.0775,34.24,245.66,0.04473,83.92
2024-10-03,2026-09-29T10:38:12Z,0,dmn-transformer+votes,0.8858,0.5325,6,1.0,8,1.0,0.8179,0.1395,0.0426,34.72,245.49,0.04465,84.009
2024-10-04,2026-09-29T10:38:12Z,0,dmn-transformer+votes,0.7689,0.5538,6,1.0,8,1.0,0.7594,0.1869,0.0537,35.52,245.0,0.04505,84.009
2024-10-07,2026-09-29T10:38:12Z,0,dmn-transformer+votes,0.8247,0.5737,7,1.0,8,1.0,0.8498,0.1181,0.032,36.06,244.17,0.04525,83.964
2024-10-08,2026-09-29T10:38:12Z,0,dmn-transformer+votes,0.9548,0.6467,6,1.0,8,1.0,0.8524,0.1215,0.0261,35.4,242.37,0.04528,83.915
2024-10-09,2026-09-29T10:38:12Z,0,dmn-transformer+votes,0.9695,0.5352,5,1.0,7,1.0,0.7973,0.143,0.0598,34.68,241.05,0.04535,83.942
2024-10-10,2026-09-29T10:38:12Z,0,dmn-transformer+votes,0.9495,0.4329,3,1.0,8,1.0,0.6623,0.242,0.0958,33.95,242.82,0.0453,83.946
2024-10-11,2026-09-29T10:38:12Z,0,dmn-transformer+votes,0.6135,0.3586,6,1.0,8,1.0,0.6818,0.2162,0.1021,35.94,245.47,0.04515,83.946
2024-10-14,2026-09-29T10:38:12Z,0,dmn-transformer+votes,0.753,0.5339,8,1.0,8,1.0,0.8765,0.0947,0.0288,37.57,245.07,0.04518,84.049
2024-10-15,2026-09-29T10:38:12Z,0,dmn-transformer+votes,0.8805,0.3931,8,1.0,8,1.0,0.9403,0.0416,0.0181,38.17,245.92,0.04515,84.056
2024-10-16,2026-09-29T10:38:12Z,0,dmn-transformer+votes,0.8858,0.3811,8,1.0,8,1.0,0.9429,0.0394,0.0177,38.58,247.15,0.04503,84.039
2024-10-17,2026-09-29T10:38:12Z,0,dmn-transformer+votes,0.992,0.3506,7,1.0,8,1.0,0.9335,0.0449,0.0216,38.05,248.63,0.04515,84.054
2024-10-18,2026-09-29T10:38:12Z,0,dmn-transformer+votes,0.9535,0.3015,8,1.0,8,1.0,0.9768,0.0151,0.0081,39.07,251.27,0.04513,84.054
2024-10-21,2026-09-29T10:38:12Z,0,dmn-transformer+votes,0.9947,0.2869,8,1.0,8,1.0,0.9973,0.0017,0.0009,38.57,251.22,0.04518,84.074
2024-10-22,2026-09-29T10:38:12Z,0,dmn-transformer+votes,0.9748,0.255,8,1.0,8,1.0,0.9874,0.0079,0.0047,38.41,253.93,0.045,84.084
2024-10-23,2026-09-29T10:38:12Z,0,dmn-transformer+votes,0.911,0.6335,8,1.0,8,1.0,0.9555,0.0363,0.0082,37.81,250.87,0.04505,84.068
2024-10-24,2026-09-29T10:38:12Z,0,dmn-transformer+votes,0.6414,0.2696,8,1.0,8,1.0,0.8207,0.1138,0.0655,38.87,252.8,0.04487,84.082
2024-10-25,2026-09-29T10:38:12Z,0,dmn-transformer+votes,0.7756,0.3054,7,1.0,8,1.0,0.8253,0.114,0.0607,38.01,253.32,0.0451,84.082
2024-10-28,2026-09-29T10:38:12Z,0,dmn-transformer+votes,0.4847,0.3147,8,1.0,8,1.0,0.7424,0.1694,0.0883,39.67,253.33,0.04482,84.103
2024-10-29,2026-09-29T10:38:12Z,0,dmn-transformer+votes,0.4993,0.2444,8,1.0,8,1.0,0.7497,0.1558,0.0946,41.33,256.09,0.0448,84.089
2024-10-30,2026-09-29T10:38:12Z,0,dmn-transformer+votes,0.6521,0.251,8,1.0,8,1.0,0.826,0.1088,0.0651,40.88,257.5,0.04463,84.089
2024-10-31,2026-09-29T10:38:12Z,0,dmn-transformer+votes,0.8074,0.6507,8,1.0,8,1.0,0.9037,0.0795,0.0168,39.78,253.51,0.04432,84.091
2024-11-01,2026-09-29T10:38:12Z,0,dmn-transformer+votes,0.6096,0.3891,8,1.0,8,1.0,0.8048,0.1356,0.0596,39.37,252.47,0.044,84.091
2024-11-04,2026-09-29T10:38:12Z,0,dmn-transformer+votes,0.8074,0.3147,8,1.0,8,1.0,0.9037,0.0633,0.033,38.25,252.83,0.04418,84.152
2024-11-05,2026-09-29T10:38:12Z,0,dmn-transformer+votes,0.2895,0.2789,8,1.0,8,1.0,0.6447,0.2272,0.1281,39.51,253.4,0.04423,84.116
2024-11-06,2026-09-29T10:38:12Z,0,dmn-transformer+votes,0.2656,0.8406,8,0.9714,7,0.8292,0.6147,0.2741,0.1112,43.4,245.7,0.0443,84.251
2024-11-07,2026-09-29T10:38:12Z,0,dmn-transformer+votes,0.4568,0.166,8,0.9975,7,0.7946,0.7266,0.1131,0.1603,43.6,249.65,0.0442,84.306
2024-11-08,2026-09-29T10:38:12Z,0,dmn-transformer+votes,0.4382,0.324,8,1.0,7,0.8016,0.7191,0.135,0.1459,43.69,247.96,0.04423,84.306
2024-11-11,2026-09-29T10:38:12Z,0,dmn-transformer+votes,0.2829,0.4861,8,0.8171,5,0.7149,0.5241,0.189,0.2869,49.57,242.14,0.04415,84.396
2024-11-12,2026-09-29T10:38:12Z,0,dmn-transformer+votes,0.328,0.1806,8,0.8146,5,0.7124,0.5409,0.1317,0.3274,51.05,240.05,0.04423,84.395
2024-11-13,2026-09-29T10:38:12Z,0,dmn-transformer+votes,0.4542,0.2284,8,0.8138,5,0.7134,0.5917,0.1243,0.284,51.04,237.63,0.0439,84.423
2024-11-14,2026-09-29T10:38:12Z,0,dmn-transformer+votes,0.741,0.1089,8,0.8059,5,0.7297,0.7016,0.0799,0.2185,49.73,237.01,0.04383,84.474
2024-11-15,2026-09-29T10:38:12Z,0,dmn-transformer+votes,0.3307,0.1726,8,0.7954,5,0.7613,0.5292,0.1429,0.3278,52.13,236.59,0.04393,84.474
2024-11-18,2026-09-29T10:38:12Z,0,dmn-transformer+votes,0.5033,0.2284,8,0.8027,5,0.7056,0.6033,0.1194,0.2773,52.13,241.09,0.04403,84.398
2024-11-19,2026-09-29T10:38:12Z,0,dmn-transformer+votes,0.425,0.2483,8,0.8093,5,0.7155,0.5766,0.1323,0.2911,52.7,243.25,0.04408,84.398
2024-11-20,2026-09-29T10:38:12Z,0,dmn-transformer+votes,0.3479,0.3798,8,0.8267,5,0.7295,0.5571,0.1623,0.2805,53.72,244.62,0.0441,84.383
2024-11-21,2026-09-29T10:38:12Z,0,dmn-transformer+votes,0.3174,0.3811,8,0.8244,6,0.7317,0.5431,0.1891,0.2679,55.9,246.66,0.04413,84.488
2024-11-22,2026-09-29T10:38:12Z,0,dmn-transformer+votes,0.3413,0.4024,8,0.8497,7,0.7112,0.5698,0.1954,0.2348,56.49,249.84,0.04415,84.488
2024-11-25,2026-09-29T10:38:12Z,0,dmn-transformer+votes,0.4993,0.502,8,0.8075,5,0.6348,0.6054,0.1412,0.2535,54.02,242.48,0.04405,84.378
2024-11-26,2026-09-29T10:38:12Z,0,dmn-transformer+votes,0.5458,0.1873,8,0.7791,5,0.6546,0.6021,0.1058,0.2921,51.7,242.95,0.04395,84.339
2024-11-27,2026-09-29T10:38:12Z,0,dmn-transformer+votes,0.2297,0.2231,8,0.7602,5,0.6643,0.4674,0.15,0.3825,55.03,243.49,0.04385,84.42
2024-11-29,2026-09-29T10:38:12Z,0,dmn-transformer+votes,0.3001,0.3068,8,0.7809,6,0.6707,0.5076,0.1745,0.3179,55.21,245.59,0.04373,84.472
2024-12-02,2026-09-29T10:38:12Z,0,dmn-transformer+votes,0.3413,0.2563,8,0.7824,5,0.669,0.5247,0.1401,0.3352,54.48,243.44,0.0438,84.737
2024-12-03,2026-09-29T10:38:12Z,0,dmn-transformer+votes,0.3214,0.2297,8,0.8045,6,0.6718,0.5316,0.1542,0.3143,54.46,243.93,0.04357,84.683
2024-12-04,2026-09-29T10:38:12Z,0,dmn-transformer+votes,0.2112,0.2483,8,0.8063,6,0.6712,0.4883,0.1714,0.3403,56.42,244.67,0.04345,84.707
2024-12-05,2026-09-29T10:38:12Z,0,dmn-transformer+votes,0.2271,0.2669,8,0.8917,5,0.7661,0.5471,0.1547,0.2982,56.4,242.86,0.0433,84.684
2024-12-06,2026-09-29T10:38:12Z,0,dmn-transformer+votes,0.178,0.2603,8,0.8936,5,0.8101,0.5263,0.1699,0.3038,57.8,242.95,0.04295,84.684
2024-12-09,2026-09-29T10:38:12Z,0,dmn-transformer+votes,0.5139,0.332,8,0.8319,6,0.7996,0.6297,0.1602,0.2101,54.73,245.36,0.04293,84.847
2024-12-10,2026-09-29T10:38:12Z,0,dmn-transformer+votes,0.1952,0.3254,8,1.0,8,0.8716,0.5976,0.2324,0.17,54.9,248.59,0.04285,84.874
2024-12-11,2026-09-29T10:38:12Z,0,dmn-transformer+votes,0.1833,0.255,8,1.0,8,0.8814,0.5917,0.2258,0.1825,57.72,250.96,0.04255,84.857
2024-12-12,2026-09-29T10:38:12Z,0,dmn-transformer+votes,0.2497,0.1819,8,1.0,8,0.8554,0.6249,0.1896,0.1855,56.92,247.28,0.04223,84.839
2024-12-13,2026-09-29T10:38:12Z,0,dmn-transformer+votes,0.178,0.1062,8,1.0,6,0.825,0.589,0.1452,0.2658,57.91,244.29,0.04218,84.839
2024-12-16,2026-09-29T10:38:12Z,0,dmn-transformer+votes,0.174,0.0969,8,1.0,6,0.8268,0.587,0.1446,0.2684,60.22,244.88,0.04228,84.917
2024-12-17,2026-09-29T10:38:12Z,0,dmn-transformer+votes,0.1939,0.0863,8,1.0,6,0.8791,0.5969,0.1482,0.2549,60.73,243.94,0.0424,84.915
2024-12-18,2026-09-29T10:38:12Z,0,dmn-transformer+votes,0.4436,0.1142,8,0.9834,4,0.8266,0.7098,0.0737,0.2165,57.18,239.26,0.04232,85.165
2024-12-19,2026-09-29T10:38:12Z,0,dmn-transformer+votes,0.3705,0.1049,7,0.9478,3,0.8329,0.5902,0.0819,0.3279,54.72,239.6,0.0422,85.279
2024-12-20,2026-09-29T10:38:12Z,0,dmn-transformer+votes,0.1633,0.2483,7,0.9818,4,0.8257,0.5097,0.1515,0.3388,54.81,242.1,0.04215,85.279
2024-12-23,2026-09-29T10:38:12Z,0,dmn-transformer+votes,0.3333,0.1514,6,0.9626,4,0.859,0.5214,0.1339,0.3447,52.87,240.96,0.04215,85.099
2024-12-24,2026-09-29T10:38:12Z,0,dmn-transformer+votes,0.2138,0.3201,7,0.9292,4,1.0,0.5058,0.2026,0.2915,56.23,241.44,0.042,85.182
2024-12-26,2026-09-29T10:38:12Z,0,dmn-transformer+votes,0.2244,0.3147,7,0.9454,5,1.0,0.5197,0.2257,0.2546,54.3,243.07,0.04215,85.261
2024-12-27,2026-09-29T10:38:12Z,0,dmn-transformer+votes,0.1633,0.1952,7,1.0,4,1.0,0.5192,0.1671,0.3137,53.68,241.4,0.04178,85.261
2024-12-30,2026-09-29T10:38:12Z,0,dmn-transformer+votes,0.1952,0.3147,6,1.0,3,1.0,0.4726,0.1819,0.3455,53.55,240.63,0.04182,85.787
2024-12-31,2026-09-29T10:38:12Z,0,dmn-transformer+votes,0.2297,0.5564,6,1.0,4,1.0,0.4899,0.2695,0.2407,53.05,242.13,0.04208,85.787
2025-01-02,2026-09-29T10:38:12Z,0,dmn-transformer+votes,0.6591,0.4887,7,0.9835,6,0.9903,0.7544,0.1507,0.095,55.37,245.42,0.04208,85.804
2025-01-03,2026-09-29T10:38:12Z,0,dmn-transformer+votes,0.8096,0.6791,8,1.0,4,0.9836,0.9048,0.0552,0.04,55.96,243.49,0.04193,85.804
2025-01-06,2026-09-29T10:38:12Z,0,dmn-transformer+votes,0.7124,0.6485,8,0.9778,4,0.9998,0.8372,0.0935,0.0693,58.17,243.19,0.0419,85.681
2025-01-07,2026-09-29T10:38:12Z,0,dmn-transformer+votes,0.9174,0.5899,6,0.9239,7,0.9916,0.7703,0.1668,0.0629,54.79,244.56,0.04203,85.807
2025-01-08,2026-09-29T10:38:12Z,0,dmn-transformer+votes,0.8575,0.6631,6,0.9637,8,1.0,0.7746,0.1874,0.038,53.34,245.86,0.04205,85.908
2025-01-10,2026-09-29T10:38:12Z,0,dmn-transformer+votes,0.7949,0.5819,6,0.9619,8,1.0,0.743,0.2032,0.0537,53.84,248.21,0.04213,85.92
2025-01-13,2026-09-29T10:38:12Z,0,dmn-transformer+votes,0.8495,0.7364,6,1.0,7,1.0,0.7997,0.1613,0.0389,53.22,245.74,0.04218,86.651
2025-01-14,2026-09-29T10:38:12Z,0,dmn-transformer+votes,0.6964,0.5539,6,0.9988,7,1.0,0.7223,0.1984,0.0793,54.83,247.03,0.04213,86.535
2025-01-15,2026-09-29T10:38:12Z,0,dmn-transformer+votes,0.7364,0.5553,7,0.9827,8,1.0,0.7917,0.162,0.0463,56.64,248.88,0.04205,86.431
2025-01-16,2026-09-29T10:38:12Z,0,dmn-transformer+votes,0.8402,0.5979,7,1.0,8,1.0,0.8576,0.1138,0.0286,57.09,250.6,0.04195,86.606
2025-01-17,2026-09-29T10:38:12Z,0,dmn-transformer+votes,0.7204,0.723,7,0.9758,8,1.0,0.7784,0.1909,0.0307,59.62,249.27,0.04193,86.606
2025-01-21,2026-09-29T10:38:12Z,0,dmn-transformer+votes,0.8202,0.5366,7,1.0,8,1.0,0.8476,0.1171,0.0353,60.42,253.13,0.04197,86.452
2025-01-22,2026-09-29T10:38:12Z,0,dmn-transformer+votes,0.9121,0.6711,8,1.0,8,1.0,0.9561,0.0367,0.0072,59.38,254.43,0.04215,86.473
2025-01-23,2026-09-29T10:38:12Z,0,dmn-transformer+votes,0.9134,0.6937,8,1.0,8,1.0,0.9567,0.0367,0.0066,58.79,254.07,0.04213,86.44
2025-01-24,2026-09-29T10:38:12Z,0,dmn-transformer+votes,0.8589,0.5979,8,1.0,8,1.0,0.9294,0.0564,0.0142,59.7,255.65,0.04205,86.44
2025-01-27,2026-09-29T10:38:12Z,0,dmn-transformer+votes,0.9401,0.7164,8,1.0,8,1.0,0.9701,0.0257,0.0042,57.67,252.99,0.04188,86.468
2025-01-28,2026-09-29T10:38:12Z,0,dmn-transformer+votes,0.8828,0.5686,8,1.0,8,1.0,0.9414,0.046,0.0126,57.58,255.18,0.0419,86.585
2025-01-29,2026-09-29T10:38:12Z,0,dmn-transformer+votes,0.8096,0.6272,8,1.0,8,1.0,0.9048,0.0775,0.0177,59.34,254.2,0.04188,86.641
2025-01-30,2026-09-29T10:38:12Z,0,dmn-transformer+votes,0.8908,0.514,8,1.0,8,1.0,0.9454,0.0413,0.0133,59.72,258.05,0.04182,86.647
2025-01-31,2026-09-29T10:38:12Z,0,dmn-transformer+votes,0.9494,0.5752,8,1.0,8,1.0,0.9747,0.0199,0.0054,57.71,258.56,0.04188,86.647
2025-02-03,2026-09-29T10:38:12Z,0,dmn-transformer+votes,0.9214,0.5553,8,1.0,8,1.0,0.9607,0.0306,0.0087,57.58,259.94,0.0419,86.943
2025-02-04,2026-09-29T10:38:12Z,0,dmn-transformer+votes,0.9294,0.5366,6,1.0,8,1.0,0.8397,0.1232,0.0371,56.13,262.5,0.04213,87.13
2025-02-05,2026-09-29T10:38:12Z,0,dmn-transformer+votes,0.9254,0.5859,5,1.0,8,1.0,0.7752,0.1783,0.0465,55.33,264.13,0.0421,87.334
2025-02-06,2026-09-29T10:38:12Z,0,dmn-transformer+votes,0.8708,0.6684,5,1.0,8,1.0,0.7479,0.2103,0.0418,55.12,263.43,0.04213,87.588
2025-02-07,2026-09-29T10:38:12Z,0,dmn-transformer+votes,0.9028,0.6245,5,1.0,8,1.0,0.7639,0.1918,0.0443,54.47,263.9,0.04228,87.588
2025-02-10,2026-09-29T10:38:12Z,0,dmn-transformer+votes,0.8123,0.5406,6,1.0,8,1.0,0.7812,0.1686,0.0503,55.38,268.37,0.04228,87.49
2025-02-11,2026-09-29T10:38:12Z,0,dmn-transformer+votes,0.8628,0.6485,6,1.0,8,1.0,0.8064,0.1596,0.034,54.11,267.39,0.04225,86.811
2025-02-12,2026-09-29T10:38:12Z,0,dmn-transformer+votes,0.7257,0.6285,6,1.0,8,1.0,0.7379,0.2135,0.0487,55.16,267.67,0.04228,86.874
2025-02-13,2026-09-29T10:38:12Z,0,dmn-transformer+votes,0.7364,0.5885,5,1.0,8,1.0,0.6807,0.2536,0.0657,54.74,270.31,0.04213,86.754
2025-02-14,2026-09-29T10:38:12Z,0,dmn-transformer+votes,0.6924,0.715,5,1.0,8,1.0,0.6587,0.2927,0.0486,55.33,266.29,0.04213,86.754
2025-02-18,2026-09-29T10:38:12Z,0,dmn-transformer+votes,0.779,0.5646,5,1.0,8,1.0,0.702,0.2331,0.0649,53.51,270.7,0.04213,86.887
2025-02-19,2026-09-29T10:38:12Z,0,dmn-transformer+votes,0.6338,0.6711,5,1.0,8,1.0,0.6294,0.3097,0.0609,54.65,270.85,0.04218,86.873
2025-02-20,2026-09-29T10:38:12Z,0,dmn-transformer+votes,0.6391,0.6711,5,1.0,8,1.0,0.6321,0.3074,0.0605,56.04,270.99,0.04205,86.451
2025-02-21,2026-09-29T10:38:12Z,0,dmn-transformer+votes,0.7443,0.6738,5,1.0,8,1.0,0.6846,0.2639,0.0514,53.92,270.74,0.04197,86.451
2025-02-24,2026-09-29T10:38:12Z,0,dmn-transformer+votes,0.6684,0.6631,5,1.0,8,1.0,0.6467,0.2938,0.0595,53.41,272.21,0.0419,86.69
2025-02-25,2026-09-29T10:38:12Z,0,dmn-transformer+votes,0.6445,0.7364,3,1.0,8,1.0,0.5097,0.4256,0.0646,50.03,268.62,0.04182,87.081
2025-02-26,2026-09-29T10:38:12Z,0,dmn-transformer+votes,0.5872,0.6738,3,1.0,8,1.0,0.4811,0.4343,0.0846,47.96,269.03,0.04193,87.162
2025-02-27,2026-09-29T10:38:12Z,0,dmn-transformer+votes,0.5579,0.7017,3,1.0,7,0.9996,0.4664,0.4204,0.1131,47.35,264.93,0.04195,87.327
2025-02-28,2026-09-29T10:38:12Z,0,dmn-transformer+votes,0.5393,0.6791,3,1.0,7,1.0,0.4572,0.4218,0.121,47.9,263.27,0.04193,87.327
2025-03-03,2026-09-29T10:38:12Z,0,dmn-transformer+votes,0.5499,0.5646,3,1.0,7,0.9973,0.4625,0.3859,0.1517,48.9,266.74,0.04193,87.33
2025-03-04,2026-09-29T10:38:12Z,0,dmn-transformer+votes,0.5606,0.6245,3,1.0,8,0.9903,0.4678,0.4281,0.1041,49.39,269.06,0.04195,87.217
2025-03-05,2026-09-29T10:38:12Z,0,dmn-transformer+votes,0.5499,0.6858,4,1.0,8,1.0,0.525,0.4004,0.0746,51.44,269.62,0.04205,86.889
2025-03-06,2026-09-29T10:38:12Z,0,dmn-transformer+votes,0.6431,0.727,3,1.0,8,1.0,0.5091,0.4239,0.067,50.64,268.25,0.04197,87.129
2025-03-07,2026-09-29T10:38:12Z,0,dmn-transformer+votes,0.6511,0.6858,3,1.0,8,1.0,0.5131,0.4105,0.0765,49.43,268.39,0.04197,87.129
2025-03-10,2026-09-29T10:38:12Z,0,dmn-transformer+votes,0.5632,0.7244,3,0.9988,7,0.9863,0.4685,0.4192,0.1123,44.91,266.04,0.04185,87.355
2025-03-11,2026-09-29T10:38:12Z,0,dmn-transformer+votes,0.4101,0.5846,3,0.9388,8,1.0,0.3685,0.5003,0.1312,47.24,269.16,0.04195,87.2
2025-03-12,2026-09-29T10:38:12Z,0,dmn-transformer+votes,0.5113,0.6698,3,0.9429,8,1.0,0.4179,0.486,0.0961,47.15,270.33,0.04197,87.341
2025-03-13,2026-09-29T10:38:12Z,0,dmn-transformer+votes,0.522,0.5553,3,0.9435,8,0.952,0.4232,0.4271,0.1498,45.52,275.13,0.04188,86.922
2025-03-14,2026-09-29T10:38:12Z,0,dmn-transformer+votes,0.3782,0.7364,3,0.8733,8,0.9745,0.3289,0.5678,0.1033,48.14,275.24,0.04188,86.922
2025-03-17,2026-09-29T10:38:12Z,0,dmn-transformer+votes,0.4874,0.6738,3,0.8776,8,1.0,0.3784,0.5202,0.1014,48.06,276.73,0.04188,86.916
2025-03-18,2026-09-29T10:38:12Z,0,dmn-transformer+votes,0.5193,0.6551,3,0.8827,8,1.0,0.3947,0.5009,0.1044,46.81,279.96,0.04195,86.576
2025-03-19,2026-09-29T10:38:12Z,0,dmn-transformer+votes,0.3995,0.719,3,0.8645,8,1.0,0.3348,0.5718,0.0935,48.61,281.11,0.0419,86.337
2025-03-20,2026-09-29T10:38:12Z,0,dmn-transformer+votes,0.5233,0.763,3,0.8789,8,1.0,0.3947,0.5335,0.0717,47.85,280.75,0.04182,86.336
2025-03-21,2026-09-29T10:38:12Z,0,dmn-transformer+votes,0.4621,0.7949,3,0.8946,8,1.0,0.3744,0.5614,0.0642,47.7,278.49,0.04185,86.336
2025-03-24,2026-09-29T10:38:12Z,0,dmn-transformer+votes,0.3901,0.7537,4,0.8485,8,1.0,0.3776,0.5457,0.0766,50.18,277.25,0.04182,85.532
2025-03-25,2026-09-29T10:38:12Z,0,dmn-transformer+votes,0.5606,0.6778,4,0.9122,8,1.0,0.4837,0.4331,0.0832,50.14,278.47,0.04182,85.59
2025-03-26,2026-09-29T10:38:12Z,0,dmn-transformer+votes,0.6072,0.7523,4,0.9385,8,1.0,0.5195,0.421,0.0595,49.18,278.24,0.0419,86.095
2025-03-27,2026-09-29T10:38:12Z,0,dmn-transformer+votes,0.5606,0.6245,5,0.9422,8,1.0,0.5586,0.3586,0.0829,49.44,281.97,0.04188,85.695
2025-03-28,2026-09-29T10:38:12Z,0,dmn-transformer+votes,0.6005,0.7164,4,0.9154,8,1.0,0.5037,0.4259,0.0704,47.56,284.06,0.04188,85.695
2025-03-31,2026-09-29T10:38:12Z,0,dmn-transformer+votes,0.5499,0.6711,3,0.9201,8,1.0,0.4255,0.48,0.0945,46.81,288.14,0.04193,85.468
2025-04-01,2026-09-29T10:38:12Z,0,dmn-transformer+votes,0.3955,0.7736,4,0.9035,8,1.0,0.4046,0.528,0.0674,48.3,287.57,0.042,85.61
2025-04-02,2026-09-29T10:38:12Z,0,dmn-transformer+votes,0.4794,0.7523,5,0.9245,8,1.0,0.5105,0.4289,0.0606,49.41,288.16,0.04203,85.651
2025-04-03,2026-09-29T10:38:12Z,0,dmn-transformer+votes,0.5619,0.779,3,0.8746,8,1.0,0.4097,0.5251,0.0652,46.57,286.42,0.04185,85.283
2025-04-04,2026-09-29T10:38:12Z,0,dmn-transformer+votes,0.4101,0.7723,3,0.8702,8,0.976,0.3416,0.5695,0.0889,47.71,279.72,0.04155,85.283
2025-04-07,2026-09-29T10:38:12Z,0,dmn-transformer+votes,0.5113,0.7097,2,0.9293,7,0.8751,0.3538,0.4481,0.1981,44.27,273.71,0.0415,86.027
2025-04-08,2026-09-29T10:38:12Z,0,dmn-transformer+votes,0.3862,0.5939,2,0.982,7,0.8939,0.3124,0.4514,0.2362,43.59,275.2,0.04178,86.435
2025-04-09,2026-09-29T10:38:12Z,0,dmn-transformer+votes,0.3222,0.4487,3,0.8813,8,0.719,0.3072,0.3608,0.332,46.83,285.38,0.04228,86.209
2025-04-10,2026-09-29T10:38:12Z,0,dmn-transformer+votes,0.4301,0.5366,3,0.8803,8,0.6965,0.3543,0.3455,0.3001,45.17,292.35,0.04197,86.26
2025-04-11,2026-09-29T10:38:12Z,0,dmn-transformer+votes,0.3356,0.5832,5,0.8839,8,0.676,0.4245,0.308,0.2675,47.67,297.93,0.04213,86.26
2025-04-14,2026-09-29T10:38:12Z,0,dmn-transformer+votes,0.3928,0.6831,5,0.8813,8,0.6701,0.4485,0.311,0.2405,48.28,296.23,0.04195,86.045
2025-04-15,2026-09-29T10:38:12Z,0,dmn-transformer+votes,0.4567,0.6405,4,0.8907,8,0.6772,0.4261,0.3188,0.2551,47.74,297.78,0.042,85.727
2025-04-16,2026-09-29T10:38:12Z,0,dmn-transformer+votes,0.4221,0.5193,5,0.9142,8,0.618,0.4786,0.2448,0.2766,47.96,307.47,0.04208,85.62
2025-04-17,2026-09-29T10:38:12Z,0,dmn-transformer+votes,0.4101,0.6738,4,0.9178,8,0.6173,0.4176,0.3008,0.2815,48.26,306.12,0.04205,85.62
2025-04-21,2026-09-29T10:38:12Z,0,dmn-transformer+votes,0.3995,0.5539,6,0.904,8,0.589,0.5196,0.2199,0.2606,49.72,315.59,0.0421,85.159
2025-04-22,2026-09-29T10:38:12Z,0,dmn-transformer+votes,0.4154,0.7057,6,0.9109,8,0.5734,0.5308,0.2295,0.2398,52.08,311.11,0.04213,85.232
2025-04-23,2026-09-29T10:38:12Z,0,dmn-transformer+votes,0.53,0.6778,7,0.9049,8,0.5339,0.6357,0.1632,0.2011,53.2,303.65,0.04208,85.5
2025-04-24,2026-09-29T10:38:12Z,0,dmn-transformer+votes,0.5699,0.5859,7,0.9138,8,0.5312,0.6602,0.1431,0.1967,53.26,308.07,0.04197,85.257
2025-04-25,2026-09-29T10:38:12Z,0,dmn-transformer+votes,0.5606,0.6738,7,0.9102,8,0.5246,0.6533,0.1522,0.1945,54.27,304.73,0.04193,85.257
2025-04-28,2026-09-29T10:38:12Z,0,dmn-transformer+votes,0.6085,0.5979,7,0.9429,8,0.521,0.6994,0.1251,0.1755,53.88,309.07,0.04193,85.16
2025-04-29,2026-09-29T10:38:12Z,0,dmn-transformer+votes,0.5979,0.6764,7,0.953,8,0.5184,0.7018,0.1295,0.1686,54.22,306.06,0.0419,85.171
2025-04-30,2026-09-29T10:38:12Z,0,dmn-transformer+votes,0.6285,0.6711,7,0.9581,8,0.5151,0.7202,0.1204,0.1594,53.51,303.77,0.0419,84.531
2025-05-01,2026-09-29T10:38:12Z,0,dmn-transformer+votes,0.5619,0.6711,7,0.9551,7,0.4957,0.6862,0.1203,0.1936,54.95,297.46,0.04185,84.697
2025-05-02,2026-09-29T10:38:12Z,0,dmn-transformer+votes,0.5832,0.5912,7,1.0,7,0.4978,0.7291,0.0989,0.172,55.19,297.98,0.04208,84.697
2025-05-05,2026-09-29T10:38:12Z,0,dmn-transformer+votes,0.6138,0.5153,7,1.0,8,0.4994,0.7444,0.0967,0.1589,53.63,306.88,0.04208,84.221
2025-05-06,2026-09-29T10:38:12Z,0,dmn-transformer+votes,0.5846,0.5792,7,1.0,8,0.5097,0.7298,0.1087,0.1615,53.97,315.48,0.0421,84.793
2025-05-07,2026-09-29T10:38:12Z,0,dmn-transformer+votes,0.5979,0.7617,7,1.0,8,0.4931,0.7365,0.1145,0.1491,54.68,310.75,0.04215,84.817
2025-05-08,2026-09-29T10:38:12Z,0,dmn-transformer+votes,0.5632,0.727,8,1.0,7,0.5071,0.7816,0.0887,0.1297,57.62,304.63,0.04215,86.082
2025-05-09,2026-09-29T10:38:12Z,0,dmn-transformer+votes,0.6005,0.6272,8,1.0,8,0.5238,0.8003,0.0851,0.1146,58.66,306.84,0.04215,86.082
2025-05-12,2026-09-29T10:38:12Z,0,dmn-transformer+votes,0.6152,0.6844,8,1.0,7,0.502,0.8076,0.0753,0.1171,57.88,298.19,0.0428,84.966
2025-05-13,2026-09-29T10:38:12Z,0,dmn-transformer+votes,0.5752,0.5712,8,1.0,7,0.5027,0.7876,0.0772,0.1352,59.62,299.46,0.04285,85.06
2025-05-14,2026-09-29T10:38:12Z,0,dmn-transformer+votes,0.6125,0.6298,8,1.0,6,0.4884,0.8063,0.0653,0.1285,58.74,293.16,0.04285,85.488
2025-05-15,2026-09-29T10:38:12Z,0,dmn-transformer+votes,0.5792,0.5366,8,1.0,7,0.5174,0.7896,0.0768,0.1336,58.67,297.84,0.04258,85.445
2025-05-16,2026-09-29T10:38:12Z,0,dmn-transformer+votes,0.5739,0.6272,8,1.0,6,0.5135,0.787,0.0753,0.1377,59.2,294.24,0.04237,85.445
2025-05-19,2026-09-29T10:38:12Z,0,dmn-transformer+votes,0.5739,0.5486,8,1.0,6,0.5492,0.787,0.076,0.1371,59.99,298.03,0.0424,85.372
2025-05-20,2026-09-29T10:38:12Z,0,dmn-transformer+votes,0.5819,0.5433,8,1.0,7,0.5371,0.791,0.0796,0.1294,60.91,303.58,0.04248,85.536
2025-05-21,2026-09-29T10:38:12Z,0,dmn-transformer+votes,0.5712,0.6378,8,1.0,7,0.5606,0.7856,0.0909,0.1235,61.79,305.82,0.04235,85.6
2025-05-22,2026-09-29T10:38:12Z,0,dmn-transformer+votes,0.5632,0.715,8,1.0,7,0.5678,0.7816,0.0986,0.1198,63.23,303.11,0.04232,85.975
2025-05-23,2026-09-29T10:38:12Z,0,dmn-transformer+votes,0.6019,0.5606,8,1.0,8,0.5508,0.801,0.0856,0.1135,61.83,309.75,0.0423,85.975
2025-05-27,2026-09-29T10:38:12Z,0,dmn-transformer+votes,0.5779,0.743,8,1.0,7,0.5464,0.789,0.0933,0.1178,62.5,304.5,0.04203,85.36
2025-05-28,2026-09-29T10:38:12Z,0,dmn-transformer+votes,0.5992,0.6724,8,1.0,7,0.5502,0.7996,0.0853,0.1151,60.79,303.81,0.04225,85.386
2025-05-29,2026-09-29T10:38:12Z,0,dmn-transformer+votes,0.5846,0.6551,8,1.0,7,0.5512,0.7923,0.0876,0.1201,59.99,305.61,0.0423,85.361
2025-05-30,2026-09-29T10:38:12Z,0,dmn-transformer+votes,0.6005,0.727,8,1.0,7,0.5718,0.8003,0.0915,0.1083,59.46,303.6,0.04232,85.361
2025-06-02,2026-09-29T10:38:12Z,0,dmn-transformer+votes,0.6019,0.5792,8,1.0,8,0.5425,0.801,0.0853,0.1138,59.36,311.67,0.04232,85.364
2025-06-03,2026-09-29T10:38:12Z,0,dmn-transformer+votes,0.5699,0.7696,8,1.0,8,0.5762,0.785,0.1096,0.1054,60.4,308.91,0.04235,85.709
2025-06-04,2026-09-29T10:38:12Z,0,dmn-transformer+votes,0.6245,0.6724,7,1.0,8,0.6199,0.7498,0.1297,0.1205,59.64,310.9,0.0424,85.904
2025-06-05,2026-09-29T10:38:12Z,0,dmn-transformer+votes,0.6205,0.6858,7,1.0,7,0.6332,0.7478,0.1247,0.1276,57.87,309.33,0.04232,85.878
2025-06-06,2026-09-29T10:38:12Z,0,dmn-transformer+votes,0.5606,0.6991,7,1.0,7,0.6489,0.7178,0.1441,0.1381,59.26,305.18,0.04232,85.878
2025-06-09,2026-09-29T10:38:12Z,0,dmn-transformer+votes,0.5393,0.6485,8,1.0,8,0.6512,0.7696,0.1236,0.1067,61.77,306.62,0.0424,85.756
2025-06-10,2026-09-29T10:38:12Z,0,dmn-transformer+votes,0.5885,0.6644,8,1.0,7,0.7298,0.7943,0.1156,0.0902,62.29,306.71,0.0425,85.653
2025-06-11,2026-09-29T10:38:12Z,0,dmn-transformer+votes,0.6245,0.6738,8,1.0,8,0.7289,0.8123,0.1145,0.0732,61.84,308.37,0.0425,85.47
2025-06-12,2026-09-29T10:38:12Z,0,dmn-transformer+votes,0.6298,0.6272,8,1.0,8,0.7839,0.8149,0.1181,0.067,60.7,312.2,0.04258,85.688
2025-06-13,2026-09-29T10:38:12Z,0,dmn-transformer+votes,0.6378,0.6591,7,1.0,8,0.7927,0.7564,0.1602,0.0834,59.74,316.29,0.0424,85.688
2025-06-16,2026-09-29T10:38:12Z,0,dmn-transformer+votes,0.5606,0.719,8,1.0,8,0.7829,0.7803,0.1478,0.0719,61.8,311.78,0.04248,86.104
2025-06-17,2026-09-29T10:38:12Z,0,dmn-transformer+votes,0.6391,0.6738,7,1.0,8,0.7967,0.7571,0.162,0.081,59.5,311.94,0.04218,86.363
2025-06-18,2026-09-29T10:38:12Z,0,dmn-transformer+votes,0.6045,0.6791,6,1.0,8,0.8316,0.6773,0.2253,0.0974,58.97,310.26,0.04223,86.614
2025-06-20,2026-09-29T10:38:12Z,0,dmn-transformer+votes,0.5846,0.6618,5,1.0,8,0.8381,0.6048,0.2752,0.12,58.67,310.13,0.04195,86.584
2025-06-23,2026-09-29T10:38:12Z,0,dmn-transformer+votes,0.5779,0.6431,5,1.0,8,0.8541,0.6015,0.2796,0.1189,58.67,311.08,0.04158,86.233
2025-06-24,2026-09-29T10:38:12Z,0,dmn-transformer+votes,0.5579,0.6764,6,1.0,7,0.8896,0.654,0.2388,0.1073,60.06,306.19,0.04182,85.905
2025-06-25,2026-09-29T10:38:12Z,0,dmn-transformer+votes,0.5859,0.5859,7,1.0,6,0.9505,0.7305,0.1711,0.0984,61.275,307.12,0.04188,86.006
2025-06-26,2026-09-29T10:38:12Z,0,dmn-transformer+votes,0.6511,0.6059,7,1.0,7,0.9517,0.7631,0.167,0.07,61.14,306.78,0.04193,85.666
2025-06-27,2026-09-29T10:38:12Z,0,dmn-transformer+votes,0.6884,0.6125,7,1.0,5,0.8878,0.7817,0.1199,0.0984,60.72,301.22,0.04197,85.666
2025-06-30,2026-09-29T10:38:12Z,0,dmn-transformer+votes,0.6378,0.5126,8,1.0,5,0.8674,0.8189,0.0893,0.0918,61.21,304.83,0.0419,85.714
2025-07-01,2026-09-29T10:38:12Z,0,dmn-transformer+votes,0.715,0.5366,7,1.0,7,1.0,0.795,0.1447,0.0603,59.84,307.55,0.04225,85.643
2025-07-02,2026-09-29T10:38:12Z,0,dmn-transformer+votes,0.5739,0.5486,8,1.0,7,1.0,0.787,0.1516,0.0614,62.42,309.25,0.04223,85.694
2025-07-03,2026-09-29T10:38:12Z,0,dmn-transformer+votes,0.7164,0.5766,8,1.0,6,1.0,0.8582,0.0941,0.0477,62.19,307.14,0.0424,85.319
2025-07-07,2026-09-29T10:38:12Z,0,dmn-transformer+votes,0.739,0.5366,8,1.0,6,1.0,0.8695,0.084,0.0465,61.4,307.37,0.04245,85.892
2025-07-08,2026-09-29T10:38:12Z,0,dmn-transformer+votes,0.6831,0.5193,8,1.0,5,1.0,0.8416,0.0907,0.0678,61.82,304.16,0.0425,85.707
2025-07-09,2026-09-29T10:38:12Z,0,dmn-transformer+votes,0.6165,0.47,8,1.0,6,1.0,0.8083,0.117,0.0748,63.58,305.52,0.04245,85.709
2025-07-10,2026-09-29T10:38:12Z,0,dmn-transformer+votes,0.6378,0.4314,8,1.0,6,1.0,0.8189,0.107,0.0741,64.5,306.2,0.0424,85.735
2025-07-11,2026-09-29T10:38:12Z,0,dmn-transformer+votes,0.6019,0.4101,8,1.0,8,1.0,0.801,0.1403,0.0587,67.21,309.14,0.04237,85.735
2025-07-14,2026-09-29T10:38:12Z,0,dmn-transformer+votes,0.6751,0.4128,8,1.0,6,1.0,0.8376,0.0944,0.068,68.18,308.01,0.04228,85.968
2025-07-15,2026-09-29T10:38:12Z,0,dmn-transformer+votes,0.7923,0.3941,8,1.0,6,1.0,0.8962,0.0594,0.0444,66.16,306.73,0.04232,85.993
2025-07-16,2026-09-29T10:38:12Z,0,dmn-transformer+votes,0.6591,0.3848,8,1.0,7,1.0,0.8296,0.1074,0.0631,67.83,308.26,0.04225,85.885
2025-07-17,2026-09-29T10:38:12Z,0,dmn-transformer+votes,0.7017,0.4021,8,1.0,7,1.0,0.8508,0.0952,0.0539,67.65,307.59,0.04235,86.047
2025-07-18,2026-09-29T10:38:12Z,0,dmn-transformer+votes,0.7257,0.3848,8,1.0,7,1.0,0.8629,0.0864,0.0508,66.68,308.39,0.0423,86.047
2025-07-21,2026-09-29T10:38:12Z,0,dmn-transformer+votes,0.7057,0.3848,8,1.0,8,1.0,0.8528,0.1019,0.0453,66.33,313.13,0.04223,86.195
2025-07-22,2026-09-29T10:38:12Z,0,dmn-transformer+votes,0.6418,0.4128,8,1.0,8,1.0,0.8209,0.1265,0.0526,67.82,316.1,0.0423,86.343
2025-07-23,2026-09-29T10:38:12Z,0,dmn-transformer+votes,0.6964,0.4261,8,1.0,8,1.0,0.8482,0.1082,0.0436,67.29,312.18,0.0424,86.399
2025-07-24,2026-09-29T10:38:12Z,0,dmn-transformer+votes,0.6698,0.4248,8,1.0,8,1.0,0.8349,0.1176,0.0475,67.66,310.27,0.04245,86.43
2025-07-25,2026-09-29T10:38:12Z,0,dmn-transformer+votes,0.7257,0.4208,8,1.0,6,1.0,0.8629,0.0803,0.0569,66.36,307.4,0.04245,86.43
2025-07-28,2026-09-29T10:38:12Z,0,dmn-transformer+votes,0.6525,0.4181,8,1.0,5,1.0,0.8262,0.0906,0.0831,67.1,305.41,0.04235,86.778
2025-07-29,2026-09-29T10:38:12Z,0,dmn-transformer+votes,0.7284,0.4221,8,1.0,5,1.0,0.8642,0.0711,0.0647,66.71,306.25,0.0423,87.063
2025-07-30,2026-09-29T10:38:12Z,0,dmn-transformer+votes,0.7204,0.4261,8,1.0,4,1.0,0.8602,0.0647,0.0751,66.37,300.96,0.04232,87.715
2025-07-31,2026-09-29T10:38:12Z,0,dmn-transformer+votes,0.7071,0.3995,8,1.0,4,1.0,0.8536,0.0659,0.0806,66.32,302.96,0.04235,87.489
2025-08-01,2026-09-29T10:38:12Z,0,dmn-transformer+votes,0.7124,0.3848,7,1.0,7,0.9945,0.7937,0.1292,0.0771,64.22,309.11,0.04182,87.489
2025-08-04,2026-09-29T10:38:12Z,0,dmn-transformer+votes,0.6405,0.4314,7,1.0,8,0.9862,0.7577,0.171,0.0713,65.2,310.91,0.04153,87.893
2025-08-05,2026-09-29T10:38:12Z,0,dmn-transformer+votes,0.7377,0.4394,7,1.0,8,1.0,0.8064,0.1394,0.0543,64.55,311.16,0.0415,87.723
2025-08-06,2026-09-29T10:38:12Z,0,dmn-transformer+votes,0.6684,0.4314,7,1.0,7,1.0,0.7717,0.1491,0.0792,65.51,310.5,0.04133,87.762
2025-08-07,2026-09-29T10:38:12Z,0,dmn-transformer+votes,0.6684,0.4288,8,1.0,8,1.0,0.8342,0.1184,0.0474,66.83,313.12,0.04138,87.433
2025-08-08,2026-09-29T10:38:12Z,0,dmn-transformer+votes,0.7483,0.466,7,1.0,8,1.0,0.8116,0.1381,0.0503,66.13,313.05,0.04133,87.433
2025-08-11,2026-09-29T10:38:12Z,0,dmn-transformer+votes,0.6431,0.4554,8,1.0,6,0.963,0.8216,0.1036,0.0749,67.64,308.55,0.04143,87.664
2025-08-12,2026-09-29T10:38:12Z,0,dmn-transformer+votes,0.6884,0.4314,7,1.0,6,0.9678,0.7817,0.1248,0.0935,67.95,308.27,0.0413,87.596
2025-08-13,2026-09-29T10:38:12Z,0,dmn-transformer+votes,0.6511,0.4301,8,1.0,7,0.9719,0.8256,0.1106,0.0638,69.84,309.21,0.0411,87.45
2025-08-14,2026-09-29T10:38:12Z,0,dmn-transformer+votes,0.755,0.4288,7,1.0,5,0.9619,0.815,0.0938,0.0912,67.03,307.25,0.04112,87.692
2025-08-15,2026-09-29T10:38:12Z,0,dmn-transformer+votes,0.7057,0.4101,6,1.0,5,0.9638,0.7278,0.1358,0.1364,66.44,307.43,0.04112,87.692
2025-08-18,2026-09-29T10:38:12Z,0,dmn-transformer+votes,0.7017,0.4101,6,1.0,5,1.0,0.7258,0.1419,0.1323,66.05,306.95,0.04123,87.295
2025-08-19,2026-09-29T10:38:12Z,0,dmn-transformer+votes,0.7377,0.3782,5,1.0,5,1.0,0.6814,0.1598,0.1588,64.19,305.27,0.0411,87.079
2025-08-20,2026-09-29T10:38:12Z,0,dmn-transformer+votes,0.6312,0.3529,6,1.0,6,1.0,0.6906,0.1706,0.1388,64.9,308.36,0.04115,87.018
2025-08-21,2026-09-29T10:38:12Z,0,dmn-transformer+votes,0.6764,0.3835,5,1.0,5,1.0,0.6507,0.1761,0.1732,63.69,307.29,0.04128,87.293
2025-08-22,2026-09-29T10:38:12Z,0,dmn-transformer+votes,0.5832,0.3782,7,1.0,8,1.0,0.7291,0.1867,0.0842,66.25,310.58,0.04088,87.293
2025-08-25,2026-09-29T10:38:12Z,0,dmn-transformer+votes,0.7017,0.4168,5,1.0,8,1.0,0.6633,0.2385,0.0982,62.88,309.83,0.04093,87.609
2025-08-26,2026-09-29T10:38:12Z,0,dmn-transformer+votes,0.6511,0.4274,5,1.0,8,1.0,0.6381,0.2583,0.1036,63.1,312.08,0.04088,87.601
2025-08-27,2026-09-29T10:38:12Z,0,dmn-transformer+votes,0.6751,0.4407,5,1.0,8,1.0,0.6501,0.2521,0.0979,63.65,312.71,0.0406,87.659
2025-08-28,2026-09-29T10:38:12Z,0,dmn-transformer+votes,0.7497,0.4674,5,1.0,8,1.0,0.6874,0.2294,0.0833,63.58,315.03,0.04072,87.592
2025-08-29,2026-09-29T10:38:12Z,0,dmn-transformer+votes,0.7723,0.4847,5,1.0,8,1.0,0.6986,0.2237,0.0776,61.44,318.07,0.04043,87.592
2025-09-02,2026-09-29T10:38:12Z,0,dmn-transformer+votes,0.6165,0.4501,5,1.0,8,1.0,0.6208,0.275,0.1043,62.97,325.59,0.04032,87.998
2025-09-03,2026-09-29T10:38:12Z,0,dmn-transformer+votes,0.6605,0.51,5,1.0,8,1.0,0.6427,0.2697,0.0875,63.77,328.14,0.04018,88.073
2025-09-04,2026-09-29T10:38:12Z,0,dmn-transformer+votes,0.759,0.5366,5,1.0,8,1.0,0.692,0.2366,0.0714,62.35,326.69,0.03998,88.193
2025-09-05,2026-09-29T10:38:12Z,0,dmn-transformer+votes,0.6365,0.5233,5,1.0,8,1.0,0.6307,0.2812,0.088,63.42,331.05,0.0391,88.193
2025-09-08,2026-09-29T10:38:12Z,0,dmn-transformer+votes,0.6858,0.5553,5,1.0,8,1.0,0.6554,0.268,0.0766,63.7,334.82,0.03928,87.98
2025-09-09,2026-09-29T10:38:12Z,0,dmn-transformer+votes,0.779,0.6218,5,1.0,8,1.0,0.702,0.2416,0.0564,63.22,334.06,0.03943,88.218
2025-09-10,2026-09-29T10:38:12Z,0,dmn-transformer+votes,0.6365,0.6365,6,1.0,8,1.0,0.6932,0.251,0.0558,64.53,335.26,0.0393,88.053
2025-09-11,2026-09-29T10:38:12Z,0,dmn-transformer+votes,0.6977,0.6724,6,1.0,8,1.0,0.7238,0.2309,0.0452,65.03,334.76,0.03928,88.268
2025-09-12,2026-09-29T10:38:12Z,0,dmn-transformer+votes,0.6538,0.6711,7,1.0,8,1.0,0.7644,0.1969,0.0387,66.38,335.42,0.03928,88.268
2025-09-15,2026-09-29T10:38:12Z,0,dmn-transformer+votes,0.8189,0.6551,7,1.0,8,1.0,0.8469,0.1267,0.0264,65.5,338.91,0.039,88.123
2025-09-16,2026-09-29T10:38:12Z,0,dmn-transformer+votes,0.6991,0.7084,7,1.0,8,1.0,0.7871,0.1819,0.031,66.37,339.59,0.0389,87.885
2025-09-17,2026-09-29T10:38:12Z,0,dmn-transformer+votes,0.8362,0.7457,7,1.0,8,1.0,0.8556,0.126,0.0184,65.67,336.97,0.03868,87.911
2025-09-18,2026-09-29T10:38:12Z,0,dmn-transformer+votes,0.7057,0.7443,8,1.0,8,1.0,0.8528,0.1283,0.0188,66.75,335.62,0.0388,88.207
2025-09-19,2026-09-29T10:38:12Z,0,dmn-transformer+votes,0.8535,0.6764,7,1.0,8,1.0,0.8642,0.1138,0.022,65.37,339.18,0.03878,88.207
2025-09-22,2026-09-29T10:38:12Z,0,dmn-transformer+votes,0.8535,0.6711,5,1.0,8,1.0,0.7392,0.2179,0.0429,63.65,345.05,0.03848,88.304
2025-09-23,2026-09-29T10:38:12Z,0,dmn-transformer+votes,0.6964,0.7617,5,1.0,8,1.0,0.6607,0.2989,0.0404,63.41,346.46,0.03845,88.808
2025-09-24,2026-09-29T10:38:12Z,0,dmn-transformer+votes,0.6511,0.8256,7,1.0,8,1.0,0.7631,0.2163,0.0207,64.42,343.32,0.03858,88.779
2025-09-25,2026-09-29T10:38:12Z,0,dmn-transformer+votes,0.7936,0.7643,4,1.0,8,1.0,0.6468,0.3116,0.0416,62.1,344.75,0.03883,88.773
2025-09-26,2026-09-29T10:38:12Z,0,dmn-transformer+votes,0.6698,0.7457,4,1.0,8,1.0,0.5849,0.3623,0.0528,61.94,346.74,0.0386,88.773
2025-09-29,2026-09-29T10:38:12Z,0,dmn-transformer+votes,0.5632,0.6751,7,1.0,8,1.0,0.7191,0.2353,0.0456,64.97,352.46,0.03863,88.704
2025-09-30,2026-09-29T10:38:12Z,0,dmn-transformer+votes,0.8056,0.739,7,1.0,8,1.0,0.8403,0.1389,0.0208,65.0,355.47,0.03845,88.841
2025-10-01,2026-09-29T10:38:12Z,0,dmn-transformer+votes,0.6391,0.7896,8,1.0,8,1.0,0.8196,0.1615,0.019,66.74,356.03,0.03845,88.683
2025-10-02,2026-09-29T10:38:12Z,0,dmn-transformer+votes,0.6391,0.8216,8,1.0,8,1.0,0.8196,0.1644,0.0161,68.77,354.79,0.03848,88.72
2025-10-03,2026-09-29T10:38:12Z,0,dmn-transformer+votes,0.7217,0.7603,8,1.0,8,1.0,0.8609,0.1225,0.0167,69.81,357.64,0.03858,88.72
2025-10-06,2026-09-29T10:38:12Z,0,dmn-transformer+votes,0.6804,0.6858,8,1.0,8,1.0,0.8402,0.1347,0.0251,71.29,364.38,0.0386,88.721
2025-10-07,2026-09-29T10:38:12Z,0,dmn-transformer+votes,0.8096,0.8016,8,1.0,8,1.0,0.9048,0.0858,0.0094,69.13,366.26,0.03843,88.743
2025-10-08,2026-09-29T10:38:12Z,0,dmn-transformer+votes,0.6884,0.7337,8,1.0,8,1.0,0.8442,0.1351,0.0207,70.06,372.3,0.03843,88.777
2025-10-09,2026-09-29T10:38:12Z,0,dmn-transformer+votes,0.7257,0.8961,8,1.0,8,0.9445,0.8629,0.1228,0.0143,68.74,365.43,0.03853,88.865
2025-10-10,2026-09-29T10:38:12Z,0,dmn-transformer+votes,0.7324,0.767,6,1.0,8,0.9402,0.7412,0.215,0.0438,66.2,369.12,0.03853,88.865
2025-10-13,2026-09-29T10:38:12Z,0,dmn-transformer+votes,0.6551,0.6738,5,1.0,8,0.8662,0.6401,0.2609,0.099,65.81,378.09,0.03853,88.665
2025-10-14,2026-09-29T10:38:12Z,0,dmn-transformer+votes,0.6804,0.7989,3,1.0,8,0.8704,0.5277,0.3697,0.1026,63.91,380.79,0.03853,88.783
2025-10-15,2026-09-29T10:38:12Z,0,dmn-transformer+votes,0.6391,0.7337,3,1.0,8,0.8912,0.5071,0.3808,0.1121,63.17,387.39,0.03858,87.81
2025-10-16,2026-09-29T10:38:12Z,0,dmn-transformer+votes,0.6285,0.6977,3,0.9952,8,0.8716,0.4994,0.3704,0.1302,61.43,396.45,0.03853,87.991
2025-10-17,2026-09-29T10:38:12Z,0,dmn-transformer+votes,0.5699,0.9081,3,1.0,8,0.7572,0.4724,0.3811,0.1464,60.47,388.99,0.03832,87.991
2025-10-20,2026-09-29T10:38:12Z,0,dmn-transformer+votes,0.474,0.6405,3,0.9532,8,0.6782,0.4046,0.3312,0.2642,62.93,403.15,0.03798,87.88
2025-10-21,2026-09-29T10:38:12Z,0,dmn-transformer+votes,0.5619,0.8336,3,0.9506,8,0.4313,0.4453,0.2193,0.3354,63.49,377.24,0.03785,88.002
2025-10-22,2026-09-29T10:38:12Z,0,dmn-transformer+votes,0.5606,0.7577,3,0.9168,8,0.436,0.4289,0.2188,0.3523,61.21,377.28,0.03788,87.74
2025-10-23,2026-09-29T10:38:12Z,0,dmn-transformer+votes,0.4847,0.7617,3,0.9426,8,0.4366,0.4052,0.2287,0.3661,62.56,378.79,0.03788,87.779
2025-10-24,2026-09-29T10:38:12Z,0,dmn-transformer+votes,0.5499,0.8083,4,0.9425,8,0.4352,0.4948,0.1988,0.3064,62.83,377.52,0.03763,87.779
2025-10-27,2026-09-29T10:38:12Z,0,dmn-transformer+votes,0.518,0.8575,6,0.9733,7,0.4164,0.617,0.1381,0.2448,65.28,367.01,0.03718,88.222
2025-10-28,2026-09-29T10:38:12Z,0,dmn-transformer+votes,0.5885,0.779,4,0.9675,7,0.416,0.5265,0.1629,0.3106,64.49,364.38,0.0372,88.226
2025-10-29,2026-09-29T10:38:12Z,0,dmn-transformer+votes,0.5792,0.7723,3,0.9729,7,0.4168,0.4642,0.184,0.3519,62.75,363.0,0.0373,88.346
2025-10-30,2026-09-29T10:38:12Z,0,dmn-transformer+votes,0.526,0.6738,3,0.9766,7,0.412,0.44,0.1787,0.3814,60.4,370.13,0.03757,88.634
2025-10-31,2026-09-29T10:38:12Z,0,dmn-transformer+votes,0.3862,0.8389,3,0.9412,7,0.4129,0.3582,0.2271,0.4147,62.3,368.12,0.03718,88.634
2025-11-03,2026-09-29T10:38:12Z,0,dmn-transformer+votes,0.4541,0.7883,3,0.9522,7,0.4208,0.3947,0.2118,0.3934,60.53,368.78,0.03783,88.723
2025-11-04,2026-09-29T10:38:12Z,0,dmn-transformer+votes,0.3928,0.8336,2,0.8903,6,0.4151,0.2861,0.2346,0.4792,57.18,362.32,0.03793,88.732
2025-11-05,2026-09-29T10:38:12Z,0,dmn-transformer+votes,0.3222,0.6991,2,0.8606,7,0.4183,0.2462,0.2482,0.5056,58.92,366.51,0.03788,88.557
2025-11-06,2026-09-29T10:38:12Z,0,dmn-transformer+votes,0.3409,0.8016,1,0.8529,6,0.4263,0.1987,0.265,0.5363,57.26,366.07,0.03763,88.673
2025-11-07,2026-09-29T10:38:12Z,0,dmn-transformer+votes,0.3182,0.7723,2,0.8438,7,0.4287,0.2397,0.2685,0.4918,58.88,368.31,0.03757,88.673
2025-11-10,2026-09-29T10:38:12Z,0,dmn-transformer+votes,0.3182,0.6764,3,0.8252,8,0.4253,0.286,0.2545,0.4595,60.19,378.38,0.03783,88.707
2025-11-11,2026-09-29T10:38:12Z,0,dmn-transformer+votes,0.3289,0.8336,1,0.823,8,0.4261,0.1868,0.3177,0.4955,58.35,379.87,0.03783,88.466
2025-11-12,2026-09-29T10:38:12Z,0,dmn-transformer+votes,0.3209,0.7696,1,0.8225,8,0.427,0.1834,0.3085,0.5081,57.59,385.99,0.03778,88.594
2025-11-13,2026-09-29T10:38:12Z,0,dmn-transformer+votes,0.3129,0.8961,1,0.8131,7,0.4396,0.178,0.32,0.502,55.59,382.87,0.03793,88.816
2025-11-14,2026-09-29T10:38:12Z,0,dmn-transformer+votes,0.3063,0.8935,1,0.7907,7,0.4402,0.1705,0.3229,0.5066,53.475,375.96,0.03788,88.816
2025-11-17,2026-09-29T10:38:12Z,0,dmn-transformer+votes,0.2969,0.8748,1,0.8358,6,0.4806,0.1763,0.3216,0.5021,52.1,371.65,0.03772,88.636
2025-11-18,2026-09-29T10:38:12Z,0,dmn-transformer+votes,0.2543,0.7364,1,0.8341,7,0.7127,0.1582,0.4834,0.3584,52.66,374.35,0.03772,88.557
2025-11-19,2026-09-29T10:38:12Z,0,dmn-transformer+votes,0.2943,0.8455,0,0.833,7,0.7123,0.1226,0.5376,0.3398,50.73,374.96,0.03772,88.487
2025-11-20,2026-09-29T10:38:12Z,0,dmn-transformer+votes,0.2863,0.8655,0,0.8447,7,0.7144,0.1209,0.5465,0.3326,48.96,374.85,0.03775,88.692
2025-11-21,2026-09-29T10:38:12Z,0,dmn-transformer+votes,0.253,0.8495,0,0.8509,7,0.7151,0.1076,0.5502,0.3421,47.97,374.27,0.0374,88.692
2025-11-24,2026-09-29T10:38:12Z,0,dmn-transformer+votes,0.1758,0.7643,0,0.8088,8,0.7908,0.0711,0.648,0.2809,50.57,380.2,0.0373,89.148
2025-11-25,2026-09-29T10:38:12Z,0,dmn-transformer+votes,0.2383,0.8988,0,0.8076,8,0.8024,0.0962,0.6885,0.2153,49.56,380.08,0.03732,89.151
2025-11-26,2026-09-29T10:38:12Z,0,dmn-transformer+votes,0.1571,0.8482,0,0.7767,8,0.8035,0.061,0.6972,0.2418,51.03,383.12,0.03753,89.163
2025-11-28,2026-09-29T10:38:12Z,0,dmn-transformer+votes,0.1798,0.8429,0,0.7865,8,0.834,0.0707,0.7142,0.2151,51.55,387.88,0.03697,89.365
2025-12-01,2026-09-29T10:38:12Z,0,dmn-transformer+votes,0.2969,0.8802,0,0.7686,8,0.8443,0.1141,0.7032,0.1827,48.5,389.75,0.03693,89.613
2025-12-02,2026-09-29T10:38:12Z,0,dmn-transformer+votes,0.1571,0.9268,0,0.685,8,0.8302,0.0538,0.7568,0.1894,51.67,387.24,0.03672,89.917
2025-12-03,2026-09-29T10:38:12Z,0,dmn-transformer+votes,0.1438,0.9001,0,0.713,8,0.9082,0.0513,0.8186,0.1302,52.74,386.88,0.03635,90.171
2025-12-04,2026-09-29T10:38:12Z,0,dmn-transformer+votes,0.2024,0.9055,0,0.7329,8,0.9231,0.0742,0.8143,0.1116,52.51,387.13,0.03612,89.836
2025-12-05,2026-09-29T10:38:12Z,0,dmn-transformer+votes,0.257,0.9108,0,0.727,8,0.922,0.0934,0.7986,0.108,50.69,386.44,0.03603,89.836
2025-12-08,2026-09-29T10:38:12Z,0,dmn-transformer+votes,0.0852,0.9108,0,0.7383,8,0.919,0.0315,0.8504,0.1182,51.52,385.42,0.03618,90.13
2025-12-09,2026-09-29T10:38:12Z,0,dmn-transformer+votes,0.0839,0.8802,1,0.7347,8,1.0,0.0767,0.868,0.0553,52.85,387.4,0.03632,89.917
2025-12-10,2026-09-29T10:38:12Z,0,dmn-transformer+votes,0.1318,0.8575,1,0.7458,8,1.0,0.0958,0.8398,0.0644,52.49,389.05,0.03593,89.793
2025-12-11,2026-09-29T10:38:12Z,0,dmn-transformer+votes,0.1611,0.8056,1,0.7468,8,1.0,0.1068,0.8064,0.0868,52.1,393.24,0.03568,90.253
2025-12-12,2026-09-29T10:38:12Z,0,dmn-transformer+votes,0.1971,0.8229,0,0.7613,8,1.0,0.075,0.8431,0.0819,51.2,395.44,0.03525,90.253
2025-12-15,2026-09-29T10:38:12Z,0,dmn-transformer+votes,0.2836,0.8642,0,0.7433,8,1.0,0.1054,0.8339,0.0607,48.66,395.8,0.03538,90.777
2025-12-16,2026-09-29T10:38:12Z,0,dmn-transformer+votes,0.0546,0.8802,0,0.7413,8,1.0,0.0202,0.9211,0.0587,49.71,395.89,0.03545,90.949
2025-12-17,2026-09-29T10:38:12Z,0,dmn-transformer+votes,0.2024,0.8362,0,0.7395,8,1.0,0.0748,0.8494,0.0758,48.71,399.29,0.03543,90.414
2025-12-18,2026-09-29T10:38:12Z,0,dmn-transformer+votes,0.1505,0.8868,0,0.7578,8,1.0,0.057,0.8896,0.0534,47.96,398.57,0.03522,90.256
2025-12-19,2026-09-29T10:38:12Z,0,dmn-transformer+votes,0.0839,0.8668,0,0.7491,8,1.0,0.0314,0.9041,0.0645,49.91,399.02,0.03522,90.256
2025-12-22,2026-09-29T10:38:12Z,0,dmn-transformer+votes,0.1491,0.7403,1,0.758,8,1.0,0.1039,0.7798,0.1164,50.09,408.23,0.03528,89.604
2025-12-23,2026-09-29T10:38:12Z,0,dmn-transformer+votes,0.2157,0.8016,1,0.8132,8,1.0,0.1385,0.776,0.0855,49.65,413.64,0.03547,89.508
2025-12-24,2026-09-29T10:38:12Z,0,dmn-transformer+votes,0.1145,0.8748,0,0.8221,8,1.0,0.0471,0.8933,0.0597,49.46,411.93,0.03555,89.508
2025-12-26,2026-09-29T10:38:12Z,0,dmn-transformer+votes,0.1278,0.8016,1,0.8442,8,1.0,0.1067,0.8047,0.0886,49.61,416.74,0.03543,90.106
2025-12-29,2026-09-29T10:38:12Z,0,dmn-transformer+votes,0.1278,0.8349,0,0.8477,8,0.7232,0.0542,0.6275,0.3183,49.38,398.6,0.03538,89.9
2025-12-30,2026-09-29T10:38:12Z,0,dmn-transformer+votes,0.0759,0.7217,0,0.9617,8,0.7256,0.0365,0.6018,0.3617,49.83,398.89,0.0354,89.769
2025-12-31,2026-09-29T10:38:12Z,0,dmn-transformer+votes,0.2117,0.7443,1,1.0,7,0.7258,0.1683,0.4887,0.343,49.65,396.31,0.03547,89.769
2026-01-02,2026-09-29T10:38:12Z,0,dmn-transformer+votes,0.0187,0.6747,1,1.0,8,0.7251,0.0718,0.5635,0.3646,50.94,398.28,0.03533,89.962
2026-01-05,2026-09-29T10:38:12Z,0,dmn-transformer+votes,0.0307,0.5773,3,1.0,8,0.6675,0.2029,0.4196,0.3775,53.46,408.76,0.03515,90.233
2026-01-06,2026-09-29T10:38:12Z,0,dmn-transformer+votes,0.036,0.6907,1,1.0,8,0.6663,0.0805,0.5179,0.4016,52.45,413.18,0.0352,90.166
2026-01-07,2026-09-29T10:38:12Z,0,dmn-transformer+votes,0.036,0.7813,2,1.0,8,0.6551,0.143,0.5,0.357,51.54,409.23,0.03515,89.864
2026-01-08,2026-09-29T10:38:12Z,0,dmn-transformer+votes,0.024,0.7067,1,1.0,8,0.6573,0.0745,0.5191,0.4064,51.52,411.49,0.03507,89.905
2026-01-09,2026-09-29T10:38:12Z,0,dmn-transformer+votes,0.0267,0.7027,1,1.0,8,0.6573,0.0759,0.5172,0.407,51.16,414.47,0.03513,89.905
2026-01-12,2026-09-29T10:38:12Z,0,dmn-transformer+votes,0.012,0.6747,1,1.0,8,0.6453,0.0685,0.5033,0.4282,51.87,422.23,0.03533,90.133
2026-01-13,2026-09-29T10:38:12Z,0,dmn-transformer+votes,0.0267,0.7787,3,1.0,8,0.6445,0.2009,0.4581,0.3411,53.57,421.63,0.0356,90.273
2026-01-14,2026-09-29T10:38:12Z,0,dmn-transformer+votes,0.036,0.7187,4,1.0,8,0.6424,0.268,0.4041,0.3279,55.44,425.94,0.0356,90.183
2026-01-15,2026-09-29T10:38:12Z,0,dmn-transformer+votes,0.0493,0.8093,3,1.0,8,0.6378,0.2122,0.4546,0.3333,54.0,423.33,0.03565,90.362
2026-01-16,2026-09-29T10:38:12Z,0,dmn-transformer+votes,0.0387,0.7893,3,1.0,8,0.6365,0.2069,0.4517,0.3415,54.24,421.29,0.03557,90.362
2026-01-20,2026-09-29T10:38:12Z,0,dmn-transformer+votes,0.0507,0.5773,1,0.925,8,0.5683,0.0813,0.4118,0.5069,50.76,437.23,0.03572,91.118
2026-01-21,2026-09-29T10:38:12Z,0,dmn-transformer+votes,0.0307,0.7173,1,0.9801,8,0.565,0.0763,0.4481,0.4756,51.11,443.6,0.03588,91.537
2026-01-22,2026-09-29T10:38:12Z,0,dmn-transformer+votes,0.028,0.732,1,0.9765,8,0.5741,0.0747,0.46,0.4653,50.67,451.79,0.03588,91.558
2026-01-23,2026-09-29T10:38:12Z,0,dmn-transformer+votes,0.0107,0.7893,1,0.9805,8,0.5763,0.0665,0.4813,0.4522,50.7,458.0,0.03582,91.558
2026-01-26,2026-09-29T10:38:12Z,0,dmn-transformer+votes,0.0333,0.8093,0,0.962,8,0.5782,0.016,0.5147,0.4692,49.65,464.7,0.03575,91.713
2026-01-27,2026-09-29T10:38:12Z,0,dmn-transformer+votes,0.008,0.7947,1,0.9481,8,0.5641,0.063,0.4743,0.4627,50.63,476.1,0.0357,91.534
2026-01-28,2026-09-29T10:38:12Z,0,dmn-transformer+votes,0.024,0.7307,1,0.9489,8,0.7043,0.0707,0.5664,0.3629,50.51,494.56,0.03582,92.041
2026-01-29,2026-09-29T10:38:12Z,0,dmn-transformer+votes,0.044,0.9413,0,0.8405,8,0.7083,0.0185,0.6748,0.3067,47.6,495.9,0.0358,91.782
2026-01-30,2026-09-29T10:38:12Z,0,dmn-transformer+votes,0.0013,0.8147,0,0.8406,8,0.3238,0.0005,0.2937,0.7058,47.49,444.95,0.03572,91.782
2026-02-02,2026-09-29T10:38:12Z,0,dmn-transformer+votes,0.04,0.7067,0,0.7591,7,0.306,0.0152,0.2383,0.7465,44.22,427.13,0.03578,90.246
2026-02-03,2026-09-29T10:38:12Z,0,dmn-transformer+votes,0.012,0.4693,0,0.8295,8,0.2858,0.005,0.2089,0.7861,43.3,454.29,0.0359,90.423
2026-02-04,2026-09-29T10:38:12Z,0,dmn-transformer+votes,0.028,0.7067,0,0.8091,8,0.2863,0.0113,0.2415,0.7471,41.57,453.97,0.03595,90.125
2026-02-05,2026-09-29T10:38:12Z,0,dmn-transformer+votes,0.0453,0.7587,0,0.5797,7,0.2841,0.0131,0.229,0.7579,36.1,441.88,0.03578,90.315
2026-02-06,2026-09-29T10:38:12Z,0,dmn-transformer+votes,0.0,0.624,0,0.4968,8,0.2867,0.0,0.2328,0.7672,39.68,455.46,0.0359,90.315
2026-02-09,2026-09-29T10:38:12Z,0,dmn-transformer+votes,0.0,0.68,0,0.4944,8,0.2888,0.0,0.2426,0.7574,40.11,467.03,0.03593,90.823
2026-02-10,2026-09-29T10:38:12Z,0,dmn-transformer+votes,0.0093,0.8147,0,0.4994,8,0.2897,0.0023,0.2622,0.7354,38.97,462.4,0.0359,90.588
2026-02-11,2026-09-29T10:38:12Z,0,dmn-transformer+votes,0.0053,0.732,0,0.5153,8,0.2909,0.0014,0.2516,0.747,38.29,467.63,0.036,90.736
2026-02-12,2026-09-29T10:38:12Z,0,dmn-transformer+votes,0.008,0.8333,0,0.5325,7,0.2827,0.0021,0.241,0.7569,37.05,451.39,0.03598,90.564
2026-02-13,2026-09-29T10:38:12Z,0,dmn-transformer+votes,0.0,0.6693,0,0.5051,8,0.2816,0.0,0.235,0.765,38.97,462.62,0.03593,90.564
2026-02-17,2026-09-29T10:38:12Z,0,dmn-transformer+votes,0.0,0.8387,0,0.5088,7,0.2769,0.0,0.2373,0.7627,38.39,448.2,0.03593,90.626
2026-02-18,2026-09-29T10:38:12Z,0,dmn-transformer+votes,0.0,0.6867,0,0.524,7,0.2839,0.0,0.2217,0.7783,37.54,458.28,0.03603,90.794
2026-02-19,2026-09-29T10:38:12Z,0,dmn-transformer+votes,0.0,0.7893,0,0.5219,7,0.2865,0.0,0.2384,0.7616,38.07,459.56,0.03595,91.041
2026-02-20,2026-09-29T10:38:12Z,0,dmn-transformer+votes,0.0,0.7027,0,0.519,8,0.287,0.0,0.2443,0.7557,38.42,468.62,0.03595,91.041
2026-02-23,2026-09-29T10:38:12Z,0,dmn-transformer+votes,0.008,0.7013,0,0.5136,8,0.2848,0.0021,0.2418,0.7562,36.55,481.28,0.03588,91.02
2026-02-24,2026-09-29T10:38:12Z,0,dmn-transformer+votes,0.0,0.8507,0,0.5127,8,0.2873,0.0,0.2659,0.7341,36.53,474.61,0.03588,90.918
2026-02-25,2026-09-29T10:38:12Z,0,dmn-transformer+votes,0.0,0.7947,0,0.4806,8,0.2945,0.0,0.2642,0.7358,39.23,473.42,0.03588,90.951
2026-02-26,2026-09-29T10:38:12Z,0,dmn-transformer+votes,0.0,0.7307,0,0.4805,8,0.3043,0.0,0.2634,0.7366,38.26,477.48,0.03588,91.007
2026-02-27,2026-09-29T10:38:12Z,0,dmn-transformer+votes,0.0,0.6947,0,0.49,7,0.307,0.0,0.241,0.759,37.19,483.75,0.03578,91.007
2026-03-02,2026-09-29T10:38:12Z,0,dmn-transformer+votes,0.0,0.7107,1,0.4717,7,0.4356,0.0295,0.3352,0.6353,39.195,490.0,0.0359,91.563
2026-03-03,2026-09-29T10:38:12Z,0,dmn-transformer+votes,0.0,0.9107,1,0.4913,8,0.4312,0.0307,0.3993,0.57,38.7,468.14,0.03595,92.009
2026-03-04,2026-09-29T10:38:12Z,0,dmn-transformer+votes,0.0,0.7787,1,0.4675,8,0.5045,0.0292,0.4356,0.5352,41.44,471.8,0.03595,92.123
2026-03-05,2026-09-29T10:38:12Z,0,dmn-transformer+votes,0.004,0.804,1,0.4718,7,0.5014,0.0304,0.4081,0.5615,40.39,466.13,0.03588,91.787
2026-03-06,2026-09-29T10:38:12Z,0,dmn-transformer+votes,0.0187,0.7013,1,0.5838,8,0.5243,0.0419,0.4273,0.5307,38.6,473.51,0.0357,91.787
2026-03-09,2026-09-29T10:38:12Z,0,dmn-transformer+votes,0.0053,0.8293,2,0.6749,8,0.5525,0.0861,0.4618,0.452,39.13,472.53,0.03593,91.221
2026-03-10,2026-09-29T10:38:12Z,0,dmn-transformer+votes,0.0,0.7453,2,0.6735,8,0.5742,0.0842,0.4589,0.4569,39.71,477.86,0.03595,92.165
2026-03-11,2026-09-29T10:38:12Z,0,dmn-transformer+votes,0.0,0.8133,1,0.6841,8,0.5821,0.0428,0.5052,0.452,40.07,476.24,0.036,92.229
2026-03-12,2026-09-29T10:38:12Z,0,dmn-transformer+votes,0.0053,0.8467,2,0.689,7,0.5755,0.0879,0.4518,0.4602,39.95,466.88,0.03605,92.39
2026-03-13,2026-09-29T10:38:12Z,0,dmn-transformer+votes,0.008,0.7893,2,0.7074,6,0.6279,0.0913,0.4392,0.4696,40.37,460.84,0.03603,92.39
2026-03-16,2026-09-29T10:38:12Z,0,dmn-transformer+votes,0.028,0.7693,2,0.7232,7,0.6616,0.1005,0.4892,0.4102,41.94,460.43,0.03605,92.283
2026-03-17,2026-09-29T10:38:12Z,0,dmn-transformer+votes,0.0187,0.7453,2,0.7291,6,0.7232,0.098,0.4878,0.4143,42.27,459.27,0.03605,92.391
2026-03-18,2026-09-29T10:38:12Z,0,dmn-transformer+votes,0.0373,0.8467,2,0.6964,5,0.695,0.1,0.4602,0.4397,40.26,444.74,0.0361,93.247
2026-03-19,2026-09-29T10:38:12Z,0,dmn-transformer+votes,0.0267,0.7307,2,0.6954,5,0.6237,0.0962,0.3821,0.5217,39.82,426.41,0.03612,93.082
2026-03-20,2026-09-29T10:38:12Z,0,dmn-transformer+votes,0.012,0.6293,2,0.696,4,0.632,0.0912,0.3243,0.5845,39.77,413.38,0.03618,93.082
2026-03-23,2026-09-29T10:38:12Z,0,dmn-transformer+votes,0.008,0.472,2,0.7408,4,0.6869,0.0956,0.3019,0.6025,40.05,404.04,0.03612,93.244
2026-03-24,2026-09-29T10:38:12Z,0,dmn-transformer+votes,0.0333,0.2533,1,0.7316,4,0.6851,0.0579,0.2431,0.699,39.28,404.13,0.0362,94.3
2026-03-25,2026-09-29T10:38:12Z,0,dmn-transformer+votes,0.024,0.2013,2,0.8186,4,0.6258,0.1122,0.1948,0.693,40.17,416.29,0.0362,94.694
2026-03-26,2026-09-29T10:38:12Z,0,dmn-transformer+votes,0.0307,0.3387,0,0.8057,3,0.6092,0.0124,0.2147,0.7729,38.82,400.64,0.0362,94.31
2026-03-27,2026-09-29T10:38:12Z,0,dmn-transformer+votes,0.032,0.1587,0,0.7926,4,0.5751,0.0127,0.187,0.8003,37.4,414.7,0.03607,94.31
2026-03-30,2026-09-29T10:38:12Z,0,dmn-transformer+votes,0.0053,0.24,1,0.8601,3,0.5878,0.056,0.1706,0.7733,37.68,414.58,0.03598,94.356
2026-03-31,2026-09-29T10:38:12Z,0,dmn-transformer+votes,0.0,0.1653,0,0.8522,5,0.5781,0.0,0.2284,0.7716,38.42,430.29,0.036,93.484
2026-04-01,2026-09-29T10:38:12Z,0,dmn-transformer+votes,0.008,0.292,0,1.0,5,0.5697,0.004,0.2602,0.7358,38.64,437.82,0.03605,92.643
2026-04-02,2026-09-29T10:38:12Z,0,dmn-transformer+votes,0.008,0.5547,0,1.0,5,0.5655,0.004,0.3322,0.6638,37.97,429.41,0.03607,92.974
2026-04-06,2026-09-29T10:38:12Z,0,dmn-transformer+votes,0.0027,0.4693,0,1.0,5,0.5773,0.0014,0.3154,0.6832,39.52,427.65,0.03623,92.817
2026-04-07,2026-09-29T10:38:12Z,0,dmn-transformer+votes,0.0307,0.3453,1,1.0,5,0.5788,0.0779,0.2589,0.6632,39.1,431.81,0.03615,92.86
2026-04-08,2026-09-29T10:38:12Z,0,dmn-transformer+votes,0.0187,0.4333,3,1.0,6,0.59,0.1968,0.2804,0.5228,40.42,434.53,0.036,92.275
2026-04-09,2026-09-29T10:38:12Z,0,dmn-transformer+votes,0.0267,0.468,3,1.0,6,0.5862,0.2009,0.2853,0.5138,40.91,437.91,0.03588,92.47
2026-04-10,2026-09-29T10:38:12Z,0,dmn-transformer+votes,0.028,0.576,3,0.9962,6,0.5947,0.2007,0.3152,0.4841,41.56,437.13,0.03593,92.47
2026-04-13,2026-09-29T10:38:12Z,0,dmn-transformer+votes,0.032,0.636,3,0.9995,6,0.604,0.2034,0.3335,0.4631,41.59,435.36,0.03603,94.947
2026-04-14,2026-09-29T10:38:12Z,0,dmn-transformer+votes,0.0333,0.4027,3,1.0,6,0.5935,0.2041,0.2722,0.5236,42.13,445.09,0.03612,93.165
2026-04-15,2026-09-29T10:38:12Z,0,dmn-transformer+votes,0.0307,0.7613,3,1.0,6,0.5914,0.2029,0.3563,0.4409,42.56,440.46,0.03612,93.387
2026-04-16,2026-09-29T10:38:12Z,0,dmn-transformer+votes,0.036,0.6653,3,1.0,6,0.6198,0.2055,0.3485,0.446,42.73,440.08,0.0361,93.048
2026-04-17,2026-09-29T10:38:12Z,0,dmn-transformer+votes,0.0387,0.6,3,1.0,7,0.6823,0.2069,0.3991,0.394,43.94,445.93,0.036,93.048
2026-04-20,2026-09-29T10:38:12Z,0,dmn-transformer+votes,0.0467,0.9093,3,1.0,7,0.7302,0.2109,0.5141,0.275,43.25,442.09,0.03598,93.124
2026-04-21,2026-09-29T10:38:12Z,0,dmn-transformer+votes,0.0453,0.964,3,1.0,4,0.713,0.2102,0.4122,0.3776,42.51,429.57,0.03598,93.623
2026-04-22,2026-09-29T10:38:12Z,0,dmn-transformer+votes,0.044,0.544,4,1.0,6,0.7089,0.272,0.3339,0.3941,44.75,435.26,0.03595,93.8
2026-04-23,2026-09-29T10:38:12Z,0,dmn-transformer+votes,0.0493,0.9493,3,1.0,4,0.7378,0.2122,0.4212,0.3666,44.05,431.04,0.03595,94.113
2026-04-24,2026-09-29T10:38:12Z,0,dmn-transformer+votes,0.0467,0.6853,3,1.0,4,0.8504,0.2109,0.3977,0.3914,44.02,433.25,0.03593,94.113
2026-04-27,2026-09-29T10:38:12Z,0,dmn-transformer+votes,0.0507,0.8653,3,1.0,4,0.9349,0.2129,0.5024,0.2848,43.56,429.89,0.0359,94.258
2026-04-28,2026-09-29T10:38:12Z,0,dmn-transformer+votes,0.0507,0.6853,3,1.0,4,0.8938,0.2129,0.4169,0.3702,43.27,421.91,0.0359,94.646
2026-04-29,2026-09-29T10:38:12Z,0,dmn-transformer+votes,0.0507,0.4587,3,1.0,4,1.0,0.2129,0.3773,0.4098,42.75,417.41,0.0359,94.917
2026-04-30,2026-09-29T10:38:12Z,0,dmn-transformer+votes,0.0493,0.1947,3,1.0,3,1.0,0.2122,0.2244,0.5634,43.32,423.66,0.03585,94.759
2026-05-01,2026-09-29T10:38:12Z,0,dmn-transformer+votes,0.0507,0.4027,4,1.0,3,1.0,0.2753,0.2818,0.4429,44.47,423.18,0.03575,94.759
2026-05-04,2026-09-29T10:38:12Z,0,dmn-transformer+votes,0.0533,0.48,5,1.0,3,1.0,0.3392,0.2825,0.3783,45.4,414.71,0.0359,95.259
2026-05-05,2026-09-29T10:38:12Z,0,dmn-transformer+votes,0.0533,0.2133,5,1.0,3,1.0,0.3392,0.1944,0.4665,46.28,418.27,0.036,95.183
2026-05-06,2026-09-29T10:38:12Z,0,dmn-transformer+votes,0.0653,0.1307,5,1.0,3,0.8986,0.3452,0.1488,0.5061,46.19,430.96,0.036,94.608
2026-05-07,2026-09-29T10:38:12Z,0,dmn-transformer+votes,0.076,0.476,5,1.0,4,0.9056,0.3505,0.287,0.3625,45.4,431.68,0.03598,94.253
2026-05-08,2026-09-29T10:38:12Z,0,dmn-transformer+votes,0.064,0.4,5,1.0,4,0.9026,0.3445,0.2662,0.3893,45.45,433.77,0.03595,94.253
2026-05-11,2026-09-29T10:38:12Z,0,dmn-transformer+votes,0.0533,0.464,5,1.0,4,0.9036,0.3392,0.2878,0.373,46.47,434.65,0.036,95.391
2026-05-12,2026-09-29T10:38:12Z,0,dmn-transformer+votes,0.0707,0.5493,5,1.0,4,0.9654,0.3478,0.3303,0.3218,45.8,432.93,0.03603,95.633
2026-05-13,2026-09-29T10:38:12Z,0,dmn-transformer+votes,0.0653,0.34,5,1.0,4,0.9743,0.3452,0.268,0.3869,45.12,430.5,0.036,95.696
2026-05-14,2026-09-29T10:38:12Z,0,dmn-transformer+votes,0.0533,0.3667,5,1.0,3,0.9688,0.3392,0.2374,0.4234,46.17,427.21,0.03588,95.71
2026-05-15,2026-09-29T10:38:12Z,0,dmn-transformer+votes,0.076,0.2267,5,1.0,3,0.9427,0.3505,0.1842,0.4653,44.82,417.29,0.03588,95.71
2026-05-18,2026-09-29T10:38:12Z,0,dmn-transformer+votes,0.064,0.1587,2,1.0,3,0.9425,0.157,0.212,0.631,43.53,418.43,0.03568,96.27
2026-05-19,2026-09-29T10:38:12Z,0,dmn-transformer+votes,0.0533,0.1667,3,1.0,3,1.0,0.2142,0.2128,0.573,43.5,411.5,0.03575,96.566
2026-05-20,2026-09-29T10:38:12Z,0,dmn-transformer+votes,0.052,0.1093,4,1.0,3,1.0,0.276,0.1753,0.5487,43.99,417.4,0.03557,96.528
2026-05-21,2026-09-29T10:38:12Z,0,dmn-transformer+votes,0.0507,0.14,3,1.0,3,1.0,0.2129,0.2027,0.5845,44.0,416.99,0.03582,96.174
2026-05-22,2026-09-29T10:38:12Z,0,dmn-transformer+votes,0.06,0.1173,2,1.0,3,1.0,0.155,0.208,0.637,42.96,413.82,0.03585,96.174
2026-05-26,2026-09-29T10:38:12Z,0,dmn-transformer+votes,0.0507,0.08,2,1.0,3,1.0,0.1504,0.1933,0.6564,42.99,414.0,0.03582,95.905
2026-05-27,2026-09-29T10:38:12Z,0,dmn-transformer+votes,0.0507,0.08,2,1.0,3,1.0,0.1504,0.1933,0.6564,42.45,408.49,0.03585,96.049
2026-05-28,2026-09-29T10:38:12Z,0,dmn-transformer+votes,0.0507,0.0573,1,1.0,3,1.0,0.0878,0.1972,0.715,41.56,412.77,0.0359,96.048
2026-05-29,2026-09-29T10:38:12Z,0,dmn-transformer+votes,0.0453,0.0627,1,1.0,3,1.0,0.0852,0.2002,0.7146,41.63,417.12,0.03588,96.048
2026-06-01,2026-09-29T10:38:12Z,0,dmn-transformer+votes,0.0493,0.0733,1,1.0,3,1.0,0.0872,0.2046,0.7082,40.49,411.26,0.0362,95.551
2026-06-02,2026-09-29T10:38:12Z,0,dmn-transformer+votes,0.0507,0.0533,0,1.0,3,1.0,0.0254,0.2087,0.7659,38.05,411.95,0.03618,95.263
2026-06-03,2026-09-29T10:38:12Z,0,dmn-transformer+votes,0.0413,0.0587,0,1.0,3,1.0,0.0207,0.2124,0.767,37.0,407.87,0.03623,96.164
2026-06-04,2026-09-29T10:38:12Z,0,dmn-transformer+votes,0.0387,0.0453,0,1.0,3,1.0,0.0193,0.2061,0.7746,36.02,411.27,0.0362,95.79
2026-06-05,2026-09-29T10:38:12Z,0,dmn-transformer+votes,0.044,0.048,0,1.0,2,1.0,0.022,0.1457,0.8323,34.14,396.24,0.03625,95.79
2026-06-08,2026-09-29T10:38:12Z,0,dmn-transformer+votes,0.0147,0.024,0,0.8956,2,1.0,0.0066,0.1361,0.8573,35.89,397.27,0.03628,95.688
2026-06-09,2026-09-29T10:38:12Z,0,dmn-transformer+votes,0.036,0.032,0,0.9385,2,1.0,0.0169,0.1386,0.8445,35.14,390.78,0.03635,95.36
2026-06-10,2026-09-29T10:38:12Z,0,dmn-transformer+votes,0.0227,0.032,0,0.9357,1,0.8494,0.0106,0.066,0.9234,35.08,374.58,0.03635,95.645
2026-06-11,2026-09-29T10:38:12Z,0,dmn-transformer+votes,0.0053,0.008,0,0.8836,1,0.7403,0.0023,0.0491,0.9485,36.05,386.32,0.03623,95.76
2026-06-12,2026-09-29T10:38:12Z,0,dmn-transformer+votes,0.0147,0.012,0,0.9205,1,0.7386,0.0068,0.0502,0.943,36.04,386.54,0.03618,95.76
2026-06-15,2026-09-29T10:38:12Z,0,dmn-transformer+votes,0.0053,0.008,0,0.8333,2,0.7154,0.0022,0.0921,0.9057,37.74,396.55,0.03618,94.742
2026-06-16,2026-09-29T10:38:12Z,0,dmn-transformer+votes,0.02,0.0107,0,0.8453,2,0.7202,0.0085,0.0931,0.8985,37.17,397.63,0.0363,94.889
2026-06-17,2026-09-29T10:38:12Z,0,dmn-transformer+votes,0.0267,0.0147,0,0.8433,1,0.7102,0.0113,0.049,0.9397,36.36,388.6,0.03647,94.859
2026-06-18,2026-09-29T10:38:12Z,0,dmn-transformer+votes,0.0227,0.0093,0,0.8548,1,0.7284,0.0097,0.0484,0.9419,35.62,387.12,0.03658,94.34
2026-06-22,2026-09-29T10:38:12Z,0,dmn-transformer+votes,0.0,0.0093,0,0.8287,1,0.7289,0.0,0.0489,0.9511,36.5,384.59,0.0368,94.701
2026-06-23,2026-09-29T10:38:12Z,0,dmn-transformer+votes,0.032,0.012,0,0.8219,1,0.7182,0.0132,0.0486,0.9383,35.31,377.32,0.0369,95.184
2026-06-24,2026-09-29T10:38:12Z,0,dmn-transformer+votes,0.036,0.012,0,0.8065,1,0.6877,0.0145,0.0464,0.9391,33.87,365.92,0.0369,94.441
2026-06-25,2026-09-29T10:38:12Z,0,dmn-transformer+votes,0.0093,0.0027,0,0.8106,1,0.6817,0.0038,0.0434,0.9529,33.52,369.46,0.0368,94.4
2026-06-26,2026-09-29T10:38:12Z,0,dmn-transformer+votes,0.0,0.0027,0,0.8035,1,0.6825,0.0,0.0436,0.9564,33.85,373.63,0.03663,94.4
2026-06-29,2026-09-29T10:38:12Z,0,dmn-transformer+votes,0.0,0.008,0,0.7986,1,0.6926,0.0,0.0461,0.9539,34.18,368.58,0.0368,94.79
2026-06-30,2026-09-29T10:38:12Z,0,dmn-transformer+votes,0.024,0.0053,0,0.8012,1,0.6954,0.0096,0.0449,0.9455,33.29,368.38,0.03732,94.918
2026-07-01,2026-09-29T10:38:12Z,0,dmn-transformer+votes,0.0,0.0053,0,0.8559,1,0.6922,0.0,0.0451,0.9549,34.0,370.6,0.037,95.418
2026-07-02,2026-09-29T10:38:12Z,0,dmn-transformer+votes,0.0,0.0027,0,0.8479,1,0.6659,0.0,0.0425,0.9575,34.87,378.13,0.03668,95.527
2026-07-06,2026-09-29T10:38:12Z,0,dmn-transformer+votes,0.004,0.0053,1,0.8303,2,0.6718,0.0536,0.0812,0.8653,36.12,382.13,0.0369,95.604
2026-07-07,2026-09-29T10:38:12Z,0,dmn-transformer+votes,0.0187,0.0093,2,0.919,1,0.7344,0.1235,0.0432,0.8333,36.15,377.49,0.03725,95.593
2026-07-08,2026-09-29T10:38:12Z,0,dmn-transformer+votes,0.0387,0.0093,1,0.9826,1,0.7349,0.0804,0.0454,0.8742,35.23,374.45,0.03723,95.862
2026-07-09,2026-09-29T10:38:12Z,0,dmn-transformer+votes,0.0133,0.0067,1,0.9908,1,0.7392,0.0685,0.0453,0.8861,35.81,378.18,0.03682,95.39
2026-07-10,2026-09-29T10:38:12Z,0,dmn-transformer+votes,0.028,0.0093,2,0.9872,1,0.8652,0.1372,0.0501,0.8127,36.23,377.01,0.03695,95.39
2026-07-13,2026-09-29T10:38:12Z,0,dmn-transformer+votes,0.0387,0.0227,1,0.9849,1,0.9037,0.0806,0.0614,0.858,35.22,367.13,0.03728,96.299
2026-07-14,2026-09-29T10:38:12Z,0,dmn-transformer+votes,0.024,0.0027,2,0.9306,1,0.8868,0.1275,0.0494,0.8231,36.58,372.15,0.037,96.425
2026-07-15,2026-09-29T10:38:12Z,0,dmn-transformer+votes,0.0307,0.008,2,1.0,1,0.9804,0.1404,0.056,0.8036,36.81,372.35,0.03688,96.499
2026-07-16,2026-09-29T10:38:12Z,0,dmn-transformer+votes,0.0333,0.0107,1,1.0,1,0.9586,0.0791,0.0599,0.861,36.39,364.96,0.03697,96.652
2026-07-17,2026-09-29T10:38:12Z,0,dmn-transformer+votes,0.0307,0.0027,1,1.0,1,0.9881,0.0779,0.0582,0.864,36.35,368.41,0.03707,96.652
2026-07-20,2026-09-29T10:38:12Z,0,dmn-transformer+votes,0.0333,0.0067,2,1.0,1,0.9934,0.1416,0.0561,0.8022,36.89,367.6,0.03705,96.49
2026-07-21,2026-09-29T10:38:12Z,0,dmn-transformer+votes,0.036,0.0027,2,1.0,2,0.9468,0.143,0.1025,0.7545,37.67,374.81,0.0373,96.341
2026-07-22,2026-09-29T10:38:12Z,0,dmn-transformer+votes,0.0387,0.0027,2,1.0,2,0.9699,0.1444,0.1049,0.7508,37.34,379.12,0.03745,96.557
2026-07-23,2026-09-29T10:38:12Z,0,dmn-transformer+votes,0.0453,0.012,2,1.0,1,1.0,0.1477,0.0584,0.794,36.65,371.52,0.038,96.877
2026-07-24,2026-09-29T10:38:12Z,0,dmn-transformer+votes,0.0453,0.008,2,1.0,2,1.0,0.1477,0.11,0.7424,36.35,371.9,0.03805,96.877
2026-07-27,2026-09-29T10:38:12Z,0,dmn-transformer+votes,0.0453,0.008,2,1.0,3,1.0,0.1477,0.1632,0.6891,36.77,374.63,0.03797,95.774
2026-07-28,2026-09-29T10:38:12Z,0,dmn-transformer+votes,0.0467,0.012,2,1.0,1,1.0,0.1484,0.0583,0.7933,36.14,369.37,0.0376,95.599
2026-07-29,2026-09-29T10:38:12Z,0,dmn-transformer+votes,0.044,0.008,1,1.0,2,1.0,0.0845,0.1181,0.7974,36.0,371.08,0.03658,95.729
2026-07-30,2026-09-29T10:38:12Z,0,dmn-transformer+votes,0.044,0.008,2,1.0,3,1.0,0.147,0.1633,0.6897,36.7,377.16,0.03675,95.685
2026-07-31,2026-09-29T10:38:12Z,0,dmn-transformer+votes,0.048,0.012,1,1.0,2,1.0,0.0865,0.1197,0.7938,35.64,371.54,0.03682,95.685
2026-08-03,2026-09-29T10:38:12Z,0,dmn-transformer+votes,0.036,0.008,1,1.0,1,1.0,0.0805,0.0611,0.8584,36.16,371.71,0.037,95.332
2026-08-04,2026-09-29T10:38:12Z,0,dmn-transformer+votes,0.036,0.0027,2,1.0,2,1.0,0.143,0.1083,0.7487,36.39,374.16,0.0373,95.097
2026-08-05,2026-09-29T10:38:12Z,0,dmn-transformer+votes,0.036,0.0093,3,1.0,4,0.8997,0.2055,0.182,0.6125,36.74,389.64,0.03725,95.077
2026-08-06,2026-09-29T10:38:12Z,0,dmn-transformer+votes,0.044,0.0147,3,1.0,4,0.9064,0.2095,0.1844,0.6061,36.49,389.67,0.03732,95.312
2026-08-07,2026-09-29T10:38:12Z,0,dmn-transformer+votes,0.036,0.0147,4,1.0,4,0.8723,0.268,0.1643,0.5677,36.8,398.47,0.0371,95.312
2026-08-10,2026-09-29T10:38:12Z,0,dmn-transformer+votes,0.0387,0.0293,1,1.0,4,0.9691,0.0819,0.2355,0.6827,36.23,402.54,0.03718,95.397
2026-08-11,2026-09-29T10:38:12Z,0,dmn-transformer+votes,0.0387,0.04,1,1.0,4,0.9836,0.0819,0.2438,0.6743,35.94,400.96,0.0373,95.38
2026-08-12,2026-09-29T10:38:12Z,0,dmn-transformer+votes,0.0307,0.04,0,1.0,5,0.983,0.0154,0.3218,0.6628,35.89,404.92,0.03707,95.344
2026-08-13,2026-09-29T10:38:12Z,0,dmn-transformer+votes,0.028,0.048,0,1.0,4,1.0,0.014,0.2702,0.7158,35.88,398.96,0.03705,95.401
2026-08-14,2026-09-29T10:38:12Z,0,dmn-transformer+votes,0.0307,0.048,0,1.0,4,1.0,0.0154,0.2698,0.7149,35.63,401.48,0.03697,95.401
2026-08-17,2026-09-29T10:38:12Z,0,dmn-transformer+votes,0.0227,0.048,3,1.0,5,1.0,0.1988,0.2696,0.5316,36.42,405.49,0.03703,95.694
2026-08-18,2026-09-29T10:38:12Z,0,dmn-transformer+votes,0.0147,0.0613,2,1.0,4,0.9908,0.1323,0.2413,0.6264,36.6,398.55,0.03705,95.816
2026-08-19,2026-09-29T10:38:12Z,0,dmn-transformer+votes,0.036,0.0427,4,1.0,7,0.8832,0.268,0.2966,0.4354,38.78,413.84,0.037,95.496
2026-08-20,2026-09-29T10:38:12Z,0,dmn-transformer+votes,0.0467,0.068,5,1.0,6,0.9424,0.3358,0.256,0.4082,41.2,415.26,0.03703,95.772
2026-08-21,2026-09-29T10:38:12Z,0,dmn-transformer+votes,0.056,0.0733,6,0.9916,7,0.9279,0.3996,0.2642,0.3362,43.68,423.36,0.0371,95.772
2026-08-24,2026-09-29T10:38:12Z,0,dmn-transformer+votes,0.104,0.108,7,0.9863,7,0.9286,0.4828,0.2361,0.2811,44.64,426.69,0.03703,95.723
2026-08-25,2026-09-29T10:38:12Z,0,dmn-transformer+votes,0.1413,0.14,7,1.0,7,0.9762,0.5081,0.2437,0.2482,44.72,428.07,0.03705,93.546
2026-08-26,2026-09-29T10:38:12Z,0,dmn-transformer+votes,0.1533,0.1573,7,1.0,7,0.9257,0.5141,0.2322,0.2537,44.46,421.32,0.0369,95.43
2026-08-27,2026-09-29T10:38:12Z,0,dmn-transformer+votes,0.1533,0.1373,7,1.0,7,0.9368,0.5141,0.2304,0.2555,45.29,422.6,0.03678,95.47
2026-08-28,2026-09-29T10:38:12Z,0,dmn-transformer+votes,0.1973,0.0827,7,1.0,5,0.8496,0.5362,0.1394,0.3244,43.9,408.89,0.0373,95.47
2026-08-31,2026-09-29T10:38:12Z,0,dmn-transformer+votes,0.1533,0.0733,7,1.0,5,0.8498,0.5141,0.1442,0.3417,44.67,408.42,0.03732,95.114
2026-09-01,2026-09-29T10:38:12Z,0,dmn-transformer+votes,0.2093,0.0627,7,0.97,3,0.7824,0.5259,0.0812,0.3929,43.76,396.75,0.03772,94.955
2026-09-02,2026-09-29T10:38:12Z,0,dmn-transformer+votes,0.152,0.048,7,0.9694,4,0.8684,0.4978,0.1195,0.3827,43.79,402.78,0.03772,94.488
2026-09-03,2026-09-29T10:38:12Z,0,dmn-transformer+votes,0.1027,0.0467,7,0.9054,5,0.8504,0.4426,0.1592,0.3982,46.35,410.22,0.0374,94.495
2026-09-04,2026-09-29T10:38:12Z,0,dmn-transformer+votes,0.264,0.052,7,0.8697,5,0.8785,0.4953,0.1501,0.3546,45.23,406.77,0.03757,94.495
2026-09-08,2026-09-29T10:38:12Z,0,dmn-transformer+votes,0.2453,0.0413,7,0.8669,4,0.8666,0.4856,0.1206,0.3937,44.39,399.72,0.03775,94.823
2026-09-09,2026-09-29T10:38:12Z,0,dmn-transformer+votes,0.2147,0.032,7,0.8734,5,0.8644,0.4759,0.1488,0.3753,44.29,403.35,0.03805,95.112
2026-09-10,2026-09-29T10:38:12Z,0,dmn-transformer+votes,0.24,0.0387,7,0.8619,3,0.8533,0.4805,0.0917,0.4278,43.68,396.36,0.03845,95.695
2026-09-11,2026-09-29T10:38:12Z,0,dmn-transformer+votes,0.1987,0.024,7,0.8641,3,0.8777,0.4639,0.0939,0.4422,43.77,398.77,0.03913,95.695
2026-09-14,2026-09-29T10:38:12Z,0,dmn-transformer+votes,0.156,0.0333,7,0.8723,3,0.8774,0.4497,0.0986,0.4518,44.74,392.84,0.03935,95.835
2026-09-15,2026-09-29T10:38:12Z,0,dmn-transformer+votes,0.2507,0.0147,6,0.8234,2,0.8862,0.412,0.069,0.519,43.11,394.15,0.0396,95.993
2026-09-16,2026-09-29T10:38:12Z,0,dmn-transformer+votes,0.1587,0.0133,6,0.8236,1,0.9078,0.3742,0.0393,0.5865,43.04,391.74,0.0397,96.132
2026-09-17,2026-09-29T10:38:12Z,0,dmn-transformer+votes,0.1533,0.0173,6,0.8926,4,1.0,0.4032,0.1544,0.4425,43.3,398.36,0.03965,95.799
2026-09-18,2026-09-29T10:38:12Z,0,dmn-transformer+votes,0.0827,0.024,7,0.8916,4,1.0,0.427,0.1501,0.4229,46.02,401.17,0.03978,95.799
2026-09-21,2026-09-29T10:38:12Z,0,dmn-transformer+votes,0.0987,0.0333,7,0.8785,4,1.0,0.4277,0.1526,0.4197,49.01,398.38,0.03982,95.712
2026-09-22,2026-09-29T10:38:12Z,0,dmn-transformer+votes,0.2453,0.0267,7,0.8852,4,1.0,0.4958,0.1328,0.3714,48.83,400.07,0.04005,95.69
2026-09-23,2026-09-29T10:38:12Z,0,dmn-transformer+votes,0.264,0.0347,7,0.8715,2,1.0,0.4963,0.0717,0.432,47.88,392.88,0.04028,95.741
2026-09-24,2026-09-29T10:38:12Z,0,dmn-transformer+votes,0.2187,0.012,7,0.8748,2,1.0,0.4784,0.0683,0.4533,47.81,391.69,0.04068,96.161
2026-09-25,2026-09-29T10:38:12Z,0,dmn-transformer+votes,0.2453,0.0147,7,0.8811,2,1.0,0.4935,0.067,0.4394,47.57,393.41,0.0407,96.161
