top,n,score,freq,cagr,maxdd,turnover_yr,years
100,all,equal,M,0.08250062307997097,-0.5574681019816377,1.7726344445792963,9.409993155373032
100,all,equal,Q,0.08607872177289289,-0.547557076942983,1.2298236674339005,9.240246406570842
100,10,12-1,M,0.1137310726522276,-0.4840742568804204,7.910595895405407,9.409993155373032
100,10,12-1,Q,0.09685532149424492,-0.541307445228336,4.346355879993282,9.240246406570842
100,10,6-1,M,0.043324735598988307,-0.6203364034678664,10.93298314132545,9.409993155373032
100,10,6-1,Q,0.07923870427754665,-0.5112794115180427,6.153163233778981,9.240246406570842
100,10,12,M,0.14536904799583628,-0.5441188596331731,7.590742881064373,9.409993155373032
100,10,12,Q,0.0934881308711153,-0.5851196918479751,4.30109395442461,9.240246406570842
100,10,riskadj,M,0.1445882214551497,-0.4225666931781664,8.665691544377204,9.409993155373032
100,10,riskadj,Q,0.0902616115685344,-0.48662007356513226,4.817224270761541,9.240246406570842
100,20,12-1,M,0.09082431498673138,-0.5226429154062316,6.4427868165970885,9.409993155373032
100,20,12-1,Q,0.09800812723998642,-0.4840280188009629,3.7292647729230874,9.240246406570842
100,20,6-1,M,0.04763546914345551,-0.5589117572566242,9.135146491747692,9.409993155373032
100,20,6-1,Q,0.06422175556053134,-0.4803074797909508,5.285969387935965,9.240246406570842
100,20,12,M,0.12582398832172847,-0.43834695968604975,6.3213666504459,9.409993155373032
100,20,12,Q,0.10065686936289486,-0.44661705841695387,3.7105594227998115,9.240246406570842
100,20,riskadj,M,0.1208004849726565,-0.43478798586871925,7.0304388330693035,9.409993155373032
100,20,riskadj,Q,0.08460943913661834,-0.4203408735252284,4.0947934758983076,9.240246406570842
100,30,12-1,M,0.09213747727878308,-0.4580741804155851,5.7119319526587935,9.409993155373032
100,30,12-1,Q,0.0906135654906477,-0.4737642651386872,3.393067812677806,9.240246406570842
100,30,6-1,M,0.06410472822143665,-0.5482932470226445,8.146634953399346,9.409993155373032
100,30,6-1,Q,0.09047273624583596,-0.48857883377939804,4.706477016752867,9.240246406570842
100,30,12,M,0.09904742933439903,-0.4390040032295788,5.515239248506478,9.409993155373032
100,30,12,Q,0.09175228638969268,-0.469653012868371,3.3531312239108138,9.240246406570842
100,30,riskadj,M,0.1219965333947417,-0.38228820743473857,5.838951592764229,9.409993155373032
100,30,riskadj,Q,0.09678381634842137,-0.3954724485236243,3.5052850870508685,9.240246406570842
100,50,12-1,M,0.11146290958737026,-0.41899234685979814,4.664816096911739,9.409993155373032
100,50,12-1,Q,0.11175208873049125,-0.41551471466800305,2.7758816991974036,9.240246406570842
100,50,6-1,M,0.07935455577348405,-0.5069301968007395,6.310465943025496,9.409993155373032
100,50,6-1,Q,0.09481073205641755,-0.48266495427125256,3.650253770723805,9.240246406570842
100,50,12,M,0.11235830052542894,-0.4325097530410503,4.296627414470089,9.409993155373032
100,50,12,Q,0.09715459725763043,-0.4442342413891368,2.659750395295062,9.240246406570842
100,50,riskadj,M,0.10976001549496184,-0.4472137097341462,4.598848462166181,9.409993155373032
100,50,riskadj,Q,0.11435997007561816,-0.4216918848797504,2.7681101735086937,9.240246406570842
200,all,equal,M,0.10133394622011171,-0.5562681543487902,1.6434296741680525,9.409993155373032
200,all,equal,Q,0.10530538633705144,-0.5497939062872671,1.1338301479901947,9.240246406570842
200,10,12-1,M,0.21792269156710375,-0.46873888527755236,8.76754592795469,9.409993155373032
200,10,12-1,Q,0.16582579702628442,-0.5158150238244609,4.840254925889484,9.240246406570842
200,10,6-1,M,0.13467143290392514,-0.5827315222247709,12.16181026422068,9.409993155373032
200,10,6-1,Q,0.1895355622837862,-0.45901713285074675,6.433966634040734,9.240246406570842
200,10,12,M,0.2488209146114908,-0.4855573317705989,8.597071677377802,9.409993155373032
200,10,12,Q,0.21225863915055077,-0.4870106866539847,4.8078712087602815,9.240246406570842
200,10,riskadj,M,0.24671074460535714,-0.4571538121002451,9.15879962515373,9.409993155373032
200,10,riskadj,Q,0.27072479784926173,-0.4204987651491955,5.029918176162515,9.240246406570842
200,20,12-1,M,0.19743619472857055,-0.4425443743930657,7.70113811168511,9.409993155373032
200,20,12-1,Q,0.18758940466752083,-0.4505086061103072,4.293507474269153,9.240246406570842
200,20,6-1,M,0.1304026943822616,-0.5510352741437792,10.474081519144868,9.409993155373032
200,20,6-1,Q,0.157508162283871,-0.4655203934929618,5.871378331709848,9.240246406570842
200,20,12,M,0.20826331493065253,-0.4909716184720956,7.370529227232323,9.409993155373032
200,20,12,Q,0.17379660441217837,-0.4951248619026929,4.184073021430569,9.240246406570842
200,20,riskadj,M,0.21742495674514672,-0.46585503061071,8.177453942833655,9.409993155373032
200,20,riskadj,Q,0.19973260262408932,-0.4513265081319455,4.5635492207143775,9.240246406570842
200,30,12-1,M,0.16276930241615162,-0.4712806449423833,7.031624682316277,9.409993155373032
200,30,12-1,Q,0.1598671537473666,-0.47427469811626555,3.9356988883588326,9.240246406570842
200,30,6-1,M,0.11626601068578712,-0.5753297028263686,9.474975906969103,9.409993155373032
200,30,6-1,Q,0.14646733700601722,-0.4916817565229398,5.354001210424574,9.240246406570842
200,30,12,M,0.18648333651646687,-0.4551639980367982,6.726506248139117,9.409993155373032
200,30,12,Q,0.15583278984763727,-0.44769387687869866,3.9211001112964032,9.240246406570842
200,30,riskadj,M,0.1977962748762221,-0.41140578638990355,7.260136185520589,9.409993155373032
200,30,riskadj,Q,0.16510402768329713,-0.4188737289807851,4.195125905011744,9.240246406570842
200,50,12-1,M,0.13967251877794218,-0.457707361256502,5.947306654255177,9.409993155373032
200,50,12-1,Q,0.1387672364048569,-0.43965649944317564,3.4561899877821562,9.240246406570842
200,50,6-1,M,0.12090521965590506,-0.509315605404161,8.372274178964476,9.409993155373032
200,50,6-1,Q,0.14215824117381803,-0.4887349767898883,4.750440163045344,9.240246406570842
200,50,12,M,0.15456564999422095,-0.4310700160020031,5.704492306349332,9.409993155373032
200,50,12,Q,0.12174973474669715,-0.4616130347619216,3.518233405961918,9.240246406570842
200,50,riskadj,M,0.18115506297392714,-0.3764093590915263,6.052477170845871,9.409993155373032
200,50,riskadj,Q,0.15013511967873594,-0.40346595763167314,3.6905149981490792,9.240246406570842
500,all,equal,M,0.11598394112566601,-0.6118224783965291,1.7448230952414583,9.409993155373032
500,all,equal,Q,0.12058024801765721,-0.6075996583592442,1.211004787822349,9.240246406570842
500,10,12-1,M,0.34338902891364476,-0.43382264588620223,10.676281132209777,9.409993155373032
500,10,12-1,Q,0.26458803757516614,-0.4755631033379495,5.340901016400626,9.240246406570842
500,10,6-1,M,0.3141263984915026,-0.5560564255810527,12.821228618428853,9.409993155373032
500,10,6-1,Q,0.32593359478101225,-0.4527909654028338,6.43911564742172,9.240246406570842
500,10,12,M,0.26011218001354086,-0.5320808305573647,9.953263408862925,9.409993155373032
500,10,12,Q,0.289001396038725,-0.5412065961313908,5.282683097752893,9.240246406570842
500,10,riskadj,M,0.32253924234976306,-0.47706133694401986,10.24609231889246,9.409993155373032
500,10,riskadj,Q,0.3268045703787139,-0.37360315524711407,5.374914870540806,9.240246406570842
500,20,12-1,M,0.25370415593613216,-0.5536459590921927,9.175819014694364,9.409993155373032
500,20,12-1,Q,0.2593967690745118,-0.5322224925417451,4.874031537876245,9.240246406570842
500,20,6-1,M,0.24230275938485812,-0.5065783378005143,12.139240858911142,9.409993155373032
500,20,6-1,Q,0.26154421751249335,-0.41351401320637227,6.380365452018914,9.240246406570842
500,20,12,M,0.23677131362300807,-0.6171868105173224,8.957142951742194,9.409993155373032
500,20,12,Q,0.23292660074155958,-0.5831854389928819,4.872764993069927,9.240246406570842
500,20,riskadj,M,0.3054984766961488,-0.4942674209716382,9.212552160513916,9.409993155373032
500,20,riskadj,Q,0.3075288666143652,-0.4100225074617897,5.028245453206608,9.240246406570842
500,30,12-1,M,0.24685843829378218,-0.5781837637553835,8.584556093333719,9.409993155373032
500,30,12-1,Q,0.22257770509822872,-0.5783880636349532,4.667776849140938,9.240246406570842
500,30,6-1,M,0.24489874193780747,-0.4953005149592056,11.500204738181358,9.409993155373032
500,30,6-1,Q,0.2601792304203461,-0.4201460314423562,6.192056769991676,9.240246406570842
500,30,12,M,0.2523386708518569,-0.5954122263320889,8.23806734500497,9.409993155373032
500,30,12,Q,0.2306301628665277,-0.5615723752203396,4.573738484371721,9.240246406570842
500,30,riskadj,M,0.25389777475519404,-0.4742578202992147,9.142269535937613,9.409993155373032
500,30,riskadj,Q,0.26126455120798253,-0.4795917294269466,4.967526025681807,9.240246406570842
500,50,12-1,M,0.23026834584374267,-0.5561670795178469,7.800398462952077,9.409993155373032
500,50,12-1,Q,0.2297756212951525,-0.5365380745095019,4.333386455162959,9.240246406570842
500,50,6-1,M,0.1976123476865299,-0.530082823687597,10.456760689467533,9.409993155373032
500,50,6-1,Q,0.19242148656775093,-0.4865118508073062,5.737279587574096,9.240246406570842
500,50,12,M,0.23233664344774607,-0.5624687348272365,7.278167362111375,9.409993155373032
500,50,12,Q,0.22819135202103324,-0.5512905781214328,4.10965587833543,9.240246406570842
500,50,riskadj,M,0.26011682625900723,-0.43902249455297604,7.986052455292493,9.409993155373032
500,50,riskadj,Q,0.24810404898871674,-0.4382184550802165,4.404016845118214,9.240246406570842
