entry,expiry,spot,strike,premium,intrinsic,pnl
2016-01-01,2016-01-28,7963.2,7550.0,15.1,125.35000000000036,0.013698544868896973
2016-01-29,2016-02-25,7563.55,7200.0,34.9,229.39999999999964,0.025542544175684648
2016-02-26,2016-03-31,7029.75,6700.0,64.15,0.0,-0.009273230200220492
2016-04-01,2016-04-28,7713.05,7350.0,31.4,0.0,-0.004203115499056793
2016-04-29,2016-05-26,7849.8,7450.0,23.65,0.0,-0.0031420150831868326
2016-05-27,2016-06-30,8156.65,7750.0,31.0,0.0,-0.003925459594318746
2016-07-01,2016-07-28,8328.35,7900.0,25.5,0.0,-0.0031837398764461146
2016-07-29,2016-08-25,8638.5,8200.0,18.55,0.0,-0.002264412803148695
2016-08-26,2016-09-29,8572.55,8150.0,21.55,0.0,-0.002631997480329657
2016-09-30,2016-10-27,8611.15,8200.0,40.2,0.0,-0.004787295541245943
2016-10-28,2016-11-24,8638.0,8200.0,21.8,234.5,0.024472539360963184
2016-11-25,2016-12-29,8114.3,7700.0,42.45,0.0,-0.005357882996684865
2016-12-30,2017-01-25,8185.8,7800.0,30.1,0.0,-0.003801468396491485
2017-01-27,2017-02-23,8641.25,8200.0,26.0,0.0,-0.0031263532475047013
2017-02-27,2017-03-30,8896.7,8450.0,21.3,0.0,-0.002507983859183742
2017-03-31,2017-04-27,9173.75,8700.0,13.45,0.0,-0.001576026161602398
2017-04-28,2017-05-25,9304.05,8850.0,9.95,0.0,-0.0011775484869492319
2017-05-26,2017-06-29,9595.1,9100.0,15.8,0.0,-0.0017518816896124063
2017-06-30,2017-07-27,9520.9,9000.0,12.8,0.0,-0.001450249451207344
2017-07-28,2017-08-31,10014.5,9500.0,18.45,0.0,-0.0019432892306156073
2017-09-01,2017-09-28,9974.4,9500.0,16.35,0.0,-0.0017404365174847614
2017-09-29,2017-10-26,9788.6,9300.0,18.65,0.0,-0.002008580389432605
2017-10-27,2017-11-30,10323.05,9800.0,21.55,0.0,-0.0021856844634095545
2017-12-01,2017-12-28,10121.8,9600.0,27.05,0.0,-0.002772849690766465
2017-12-29,2018-01-25,10530.7,10000.0,18.25,0.0,-0.0018290284596465573
2018-01-29,2018-02-22,11130.4,10550.0,45.55,167.29999999999927,0.01082742264428945
2018-02-23,2018-03-28,10491.05,9950.0,33.45,0.0,-0.003285664447314616
2018-04-02,2018-04-26,10211.8,9700.0,26.8,0.0,-0.002723915470338236
2018-04-27,2018-05-31,10692.3,10150.0,25.75,0.0,-0.0025032453260757743
2018-06-01,2018-06-28,10696.2,10150.0,24.7,0.0,-0.0024041080009723076
2018-06-29,2018-07-26,10714.3,10200.0,26.85,0.0,-0.0026008334655553797
2018-07-27,2018-08-30,11278.35,10700.0,25.65,0.0,-0.0023642988557723422
2018-08-31,2018-09-27,11680.5,11100.0,18.5,122.45000000000073,0.008799780617268159
2018-09-28,2018-10-25,10930.45,10400.0,49.3,275.10000000000036,0.02053223289068614
2018-10-26,2018-11-29,10030.0,9550.0,83.2,0.0,-0.0083997926221336
2018-11-30,2018-12-27,10876.75,10350.0,56.9,0.0,-0.0053264201163031235
2018-12-28,2019-01-31,10859.9,10300.0,41.65,0.0,-0.003929593274339543
2019-02-01,2019-02-28,10893.65,10350.0,35.0,0.0,-0.0033066052241443413
2019-03-01,2019-03-28,10863.5,10300.0,36.75,0.0,-0.0034769687485616974
2019-03-29,2019-04-25,11623.9,11050.0,40.0,0.0,-0.003529280189953458
2019-04-26,2019-05-30,11754.65,11200.0,108.0,0.0,-0.009278438745517733
2019-05-31,2019-06-27,11922.8,11350.0,45.0,0.0,-0.0038604186935954645
2019-06-28,2019-07-25,11788.85,11200.0,30.25,0.0,-0.002652349465808794
2019-07-26,2019-08-29,11284.3,10700.0,21.25,0.0,-0.001972895970507697
2019-08-30,2019-09-26,11023.25,10450.0,37.75,0.0,-0.003517351960628671
2019-09-27,2019-10-31,11512.4,10950.0,41.65,0.0,-0.003706871720927001
2019-11-01,2019-11-28,11890.6,11300.0,35.5,0.0,-0.0030714429885792135
2019-11-29,2019-12-26,12056.05,11450.0,22.65,0.0,-0.001962797931329084
2019-12-27,2020-01-30,12245.8,11650.0,21.05,0.0,-0.0018016487285436643
2020-01-31,2020-02-27,11962.1,11400.0,48.8,0.0,-0.004165596341779453
2020-02-28,2020-03-26,11201.75,10650.0,107.5,2008.5499999999993,0.16939092664092656
2020-03-27,2020-04-30,8660.25,8250.0,528.8,0.0,-0.061212699402442186
2020-05-04,2020-05-28,9293.5,8800.0,217.55,0.0,-0.023530481519341475
2020-05-29,2020-06-25,9580.3,9100.0,146.2,0.0,-0.015374019602726427
2020-06-26,2020-07-30,10383.0,9850.0,165.0,0.0,-0.01599720697293653
2020-07-31,2020-08-27,11073.45,10500.0,84.1,0.0,-0.007689605317222726
2020-08-28,2020-09-24,11647.6,11050.0,49.2,244.45000000000073,0.01664848702737051
2020-09-25,2020-10-29,11050.25,10500.0,99.8,0.0,-0.009127384448315649
2020-10-30,2020-11-26,11642.4,11050.0,109.45,0.0,-0.009492516147873291
2020-11-27,2020-12-31,12968.95,12300.0,66.9,0.0,-0.0052386769938969615
2021-01-01,2021-01-28,14018.5,13300.0,68.05,0.0,-0.0049285465634697
2021-01-29,2021-02-25,13634.6,12950.0,118.95,0.0,-0.00880270561659308
2021-02-26,2021-03-25,14529.15,13800.0,163.3,0.0,-0.01131504458278702
2021-03-26,2021-04-29,14507.3,13800.0,100.55,0.0,-0.007004082772121621
2021-04-30,2021-05-27,14631.1,13900.0,117.4,0.0,-0.008097165626644613
2021-05-28,2021-06-24,15435.65,14650.0,53.8,0.0,-0.0035523142854366353
2021-06-25,2021-07-29,15860.35,15050.0,44.5,0.0,-0.0028704725936060677
2021-07-30,2021-08-26,15763.05,14950.0,28.65,0.0,-0.001882071680290299
2021-08-27,2021-09-30,16705.2,15850.0,38.1,0.0,-0.0023419569954265737
2021-10-01,2021-10-28,17532.05,16650.0,63.95,0.0,-0.0037068323441924937
2021-10-29,2021-11-25,17671.65,16800.0,63.25,0.0,-0.0036379143996174658
2021-11-26,2021-12-30,17026.45,16200.0,113.0,0.0,-0.006699447036816248
2021-12-31,2022-01-27,17354.05,16500.0,61.65,0.0,-0.003612239794169085
2022-01-28,2022-02-24,17101.95,16250.0,112.45,2.0499999999992724,-0.006517972073360098
2022-02-25,2022-03-31,16658.4,15850.0,213.1,0.0,-0.012860050184891704
2022-04-01,2022-04-28,17670.45,16800.0,89.15,0.0,-0.005104764734344626
2022-04-29,2022-05-26,17102.55,16250.0,93.8,79.85000000000036,-0.0008832655071904267
2022-05-27,2022-06-30,16352.45,15550.0,133.2,0.0,-0.008211608658029834
2022-07-01,2022-07-28,15752.05,14950.0,110.15,0.0,-0.00706042007230805
2022-07-29,2022-08-25,17158.25,16300.0,60.7,0.0,-0.003598060408258418
2022-08-26,2022-09-29,17558.9,16700.0,83.9,0.0,-0.0048380217439589045
2022-09-30,2022-10-27,17094.35,16250.0,98.35,0.0,-0.005815313831763127
2022-10-28,2022-11-24,17786.8,16900.0,55.2,0.0,-0.0031615085344187826
2022-11-25,2022-12-29,18512.75,17600.0,32.4,0.0,-0.0018052120835640303
2022-12-30,2023-01-25,18105.3,17200.0,38.0,0.0,-0.0021553246839323293
2023-01-27,2023-02-23,17604.35,16700.0,65.65,0.0,-0.003788233589993383
2023-02-24,2023-03-29,17465.8,16600.0,35.9,0.0,-0.0021139335157851344
2023-03-31,2023-04-27,17359.75,16500.0,36.05,0.0,-0.002135493310675557
2023-04-28,2023-05-25,18065.0,17150.0,19.6,0.0,-0.001140977580957653
2023-06-30,2023-07-27,19189.05,18250.0,21.6,0.0,-0.0011784304069247828
2023-07-28,2023-08-31,19646.05,18650.0,18.85,0.0,-0.0010109569099131888
2023-09-01,2023-09-28,19435.3,18450.0,19.05,0.0,-0.001032216122210617
2023-09-29,2023-10-26,19638.3,18650.0,24.0,0.0,-0.0012737558749993634
2023-10-27,2023-11-30,19047.25,18100.0,32.25,0.0,-0.0017466747168226385
2023-12-01,2023-12-28,20267.9,19250.0,26.95,0.0,-0.001379825734289196
2023-12-29,2024-01-25,21731.4,20650.0,45.25,0.0,-0.0021295061523877888
2024-01-29,2024-02-29,21737.6,20650.0,67.25,0.0,-0.0031415772670396
2024-03-01,2024-03-28,22338.75,21200.0,43.95,0.0,-0.002013378993900733
2024-04-01,2024-04-25,22462.0,21350.0,21.05,0.0,-0.0009822201941056007
2024-04-26,2024-05-30,22419.95,21300.0,40.95,0.0,-0.0018721973064168296
2024-05-31,2024-06-27,22530.7,21400.0,180.75,0.0,-0.008071584549081919
2024-06-28,2024-07-25,24010.6,22800.0,50.4,0.0,-0.0021419806252238596
2024-07-26,2024-08-29,24834.85,23600.0,57.85,0.0,-0.002371051566649285
2024-08-30,2024-09-26,25235.9,23950.0,43.45,0.0,-0.0017624126740080597
2024-09-27,2024-10-31,26178.95,24850.0,54.25,644.6500000000015,0.02248224766463137
2024-11-01,2024-11-28,24304.35,23100.0,79.5,0.0,-0.003314126894979706
2024-11-29,2024-12-26,24131.1,22900.0,44.55,0.0,-0.0018887133201553183
2024-12-27,2025-01-30,23813.4,22600.0,48.2,0.0,-0.0020672780871274156
2025-01-31,2025-02-27,23508.4,22350.0,78.95,0.0,-0.0034029270388456893
2025-02-28,2025-03-27,22124.7,21000.0,34.3,0.0,-0.001596432042016389
2025-03-28,2025-04-24,23519.35,22350.0,38.0,0.0,-0.0016591785062087174
2025-04-25,2025-05-29,24039.35,22850.0,142.4,0.0,-0.0059687736981241185
2025-05-30,2025-06-26,24750.7,23500.0,62.1,0.0,-0.0025509282565745616
2025-06-27,2025-07-31,25637.8,24350.0,50.9,0.0,-0.002025545873670908
2025-08-01,2025-08-28,24565.35,23350.0,33.65,0.0,-0.0014113452484902514
2025-08-29,2025-09-30,24426.85,23200.0,30.0,0.0,-0.0012698321723840775
2025-10-01,2025-10-28,24836.3,23600.0,18.2,0.0,-0.0007735016890599646
2025-10-29,2025-11-25,26053.9,24750.0,27.2,0.0,-0.0010829979388882278
2025-11-26,2025-12-30,26205.3,24900.0,34.75,0.0,-0.001365023487615101
2025-12-31,2026-01-27,26129.6,24800.0,13.7,0.0,-0.0005628949543812381
2026-01-28,2026-02-24,25342.75,24100.0,50.4,0.0,-0.0020293867082301644
2026-02-25,2026-03-30,25482.5,24200.0,59.2,1868.5999999999985,0.07087329461395069
2026-04-01,2026-04-28,22679.4,21500.0,231.9,0.0,-0.01027536619134545
2026-04-29,2026-05-26,24177.65,22950.0,92.95,0.0,-0.003888126844420363
2026-05-27,2026-06-30,23907.15,22700.0,69.2,0.0,-0.002938096761847397
2026-07-01,2026-07-28,24005.85,22800.0,38.05,0.0,-0.0016276378466082225
2026-07-29,2026-08-25,24250.2,23050.0,30.6,0.0,-0.0013038391435946921
2026-08-26,2026-09-29,24207.75,23000.0,20.4,283.7999999999993,0.010824343856822682
